Time [s],Packet ID,MOSI,MISO
0.001160600000000,0,0xB0,0x0B
0.003337600000000,,0x00,0x00
0.006311000000000,,0x20,0x02
0.009284400000000,,0x06,0x00
0.012258000000000,,0x01,0x07
0.015231600000000,,0x01,0x20
0.018205000000000,,0x2F,0x04
0.021178600000000,,0x80,0x00
0.024152200000000,,0xDC,0x8D
0.060267600000000,,0xB0,0x0B
0.062808400000000,,0x00,0x00
0.065781600000000,,0x20,0x02
0.068755000000000,,0x8E,0x00
0.071728400000000,,0x01,0x07
0.074701600000000,,0x01,0x20
0.077674800000000,,0x2F,0x04
0.080648400000000,,0x80,0x00
0.083621800000000,,0x64,0x8D
0.119892400000000,,0xB0,0x0B
0.122275800000000,,0x00,0x00
0.125249400000000,,0x20,0x02
0.128222800000000,,0x06,0x00
0.131196400000000,,0x01,0x07
0.134169800000000,,0x01,0x20
0.137143200000000,,0x2F,0x04
0.140116800000000,,0x80,0x00
0.143090200000000,,0xDC,0x8D
0.179503800000000,,0xB0,0x0B
0.181745600000000,,0x00,0x00
0.184719000000000,,0x20,0x02
0.187692400000000,,0x8E,0x00
0.190665800000000,,0x01,0x07
0.193639200000000,,0x01,0x20
0.196612600000000,,0x2F,0x04
0.199586200000000,,0x80,0x00
0.202559800000000,,0x64,0x8D
0.238623400000000,,0xB0,0x0B
0.241213400000000,,0x00,0x00
0.244186800000000,,0x20,0x02
0.247160200000000,,0x06,0x00
0.250133600000000,,0x01,0x07
0.253107000000000,,0x01,0x20
0.256080200000000,,0x2F,0x04
0.259053600000000,,0x80,0x00
0.262027000000000,,0xDC,0x8D
0.298247200000000,,0xB0,0x0B
0.300680400000000,,0x00,0x00
0.303653800000000,,0x20,0x02
0.306627000000000,,0x8E,0x00
0.309600200000000,,0x01,0x07
0.312573400000000,,0x01,0x20
0.315546800000000,,0x2F,0x04
0.318520200000000,,0x80,0x00
0.321493600000000,,0x64,0x8D
0.357857600000000,,0xB0,0x0B
0.360149400000000,,0x00,0x00
0.363122800000000,,0x20,0x02
0.366096400000000,,0x06,0x00
0.369069800000000,,0x01,0x07
0.372043200000000,,0x01,0x20
0.375016400000000,,0x2F,0x04
0.377989800000000,,0x80,0x00
0.380963000000000,,0xDC,0x8D
0.416977200000000,,0xB0,0x0B
0.419617600000000,,0x00,0x00
0.422591200000000,,0x20,0x02
0.425564800000000,,0x8E,0x00
0.428538200000000,,0x01,0x07
0.431511600000000,,0x01,0x20
0.434485200000000,,0x2F,0x04
0.437458400000000,,0x80,0x00
0.440431800000000,,0x64,0x8D
0.476587800000000,,0xB0,0x0B
0.479087200000000,,0x00,0x00
0.482060800000000,,0x20,0x02
0.485034200000000,,0x06,0x00
0.488007600000000,,0x01,0x07
0.490981200000000,,0x01,0x20
0.493954600000000,,0x2F,0x04
0.496928000000000,,0x80,0x00
0.499901400000000,,0xDC,0x8D
0.536213000000000,,0xB0,0x0B
0.538555600000000,,0x00,0x00
0.541529000000000,,0x20,0x02
0.544502600000000,,0x8E,0x00
0.547476000000000,,0x01,0x07
0.550449600000000,,0x01,0x20
0.553423000000000,,0x2F,0x04
0.556396600000000,,0x80,0x00
0.559370000000000,,0x64,0x8D
0.595854000000000,,0xB0,0x0B
0.598024400000000,,0x00,0x00
0.600997800000000,,0x20,0x02
0.603971000000000,,0x06,0x00
0.606944200000000,,0x01,0x07
0.609917400000000,,0x01,0x20
0.612890800000000,,0x2F,0x04
0.615864200000000,,0x80,0x00
0.618837800000000,,0xDC,0x8D
0.655074000000000,,0xB0,0x0B
0.657491800000000,,0x00,0x00
0.660465000000000,,0x20,0x02
0.663438400000000,,0x8E,0x00
0.666411600000000,,0x01,0x07
0.669385000000000,,0x01,0x20
0.672358200000000,,0x30,0x04
0.675331600000000,,0x80,0x00
0.678305000000000,,0x65,0x8D
0.714700200000000,,0xB0,0x0B
0.716959400000000,,0x00,0x00
0.719932800000000,,0x20,0x02
0.722906200000000,,0x06,0x00
0.725879600000000,,0x01,0x07
0.728853000000000,,0x01,0x20
0.731826600000000,,0x30,0x04
0.734800000000000,,0x80,0x00
0.737773200000000,,0xDD,0x8D
0.773800800000000,,0xB0,0x0B
0.776427000000000,,0x00,0x00
0.779400600000000,,0x20,0x02
0.782374000000000,,0x8E,0x00
0.785347400000000,,0x01,0x07
0.788320800000000,,0x01,0x20
0.791294400000000,,0x30,0x04
0.794268200000000,,0x80,0x00
0.797241600000000,,0x65,0x8D
0.833426200000000,,0xB0,0x0B
0.835896800000000,,0x00,0x00
0.838870200000000,,0x20,0x02
0.841843800000000,,0x06,0x00
0.844817400000000,,0x01,0x07
0.847790800000000,,0x01,0x20
0.850764400000000,,0x30,0x04
0.853738000000000,,0x80,0x00
0.856711400000000,,0xDD,0x8D
0.893060000000000,,0xB0,0x0B
0.895365200000000,,0x00,0x00
0.898338400000000,,0x20,0x02
0.901311800000000,,0x8E,0x00
0.904285200000000,,0x01,0x07
0.907258400000000,,0x01,0x20
0.910231800000000,,0x30,0x04
0.913205200000000,,0x80,0x00
0.916178400000000,,0x65,0x8D
0.952667600000000,,0xB0,0x0B
0.954831800000000,,0x00,0x00
0.957805200000000,,0x20,0x02
0.960778400000000,,0x06,0x00
0.963751800000000,,0x01,0x07
0.966725200000000,,0x01,0x20
0.969698600000000,,0x30,0x04
0.972672000000000,,0x80,0x00
0.975645400000000,,0xDD,0x8D
1.011785200000000,,0xB0,0x0B
1.014300800000000,,0x00,0x00
1.017274200000000,,0x20,0x02
1.020247800000000,,0x8E,0x00
1.023221200000000,,0x01,0x07
1.026194600000000,,0x01,0x20
1.029168000000000,,0x30,0x04
1.032141600000000,,0x80,0x00
1.035115000000000,,0x65,0x8D
1.071392600000000,,0xB0,0x0B
1.073768400000000,,0x00,0x00
1.076741800000000,,0x20,0x02
1.079715200000000,,0x06,0x00
1.082688600000000,,0x01,0x07
1.085662000000000,,0x01,0x20
1.088635400000000,,0x30,0x04
1.091609000000000,,0x80,0x00
1.094582200000000,,0xDD,0x8D
1.131016800000000,,0xB0,0x0B
1.133236200000000,,0x00,0x00
1.136209800000000,,0x20,0x02
1.139183200000000,,0x8E,0x00
1.142156600000000,,0x01,0x07
1.145130000000000,,0x01,0x20
1.148103400000000,,0x30,0x04
1.151076600000000,,0x80,0x00
1.154050200000000,,0x65,0x8D
1.190133600000000,,0xB0,0x0B
1.192703800000000,,0x00,0x00
1.195677000000000,,0x20,0x02
1.198650400000000,,0x06,0x00
1.201623800000000,,0x01,0x07
1.204597200000000,,0x01,0x20
1.207570600000000,,0x30,0x04
1.210544000000000,,0x80,0x00
1.213517200000000,,0xDD,0x8D
1.249740800000000,,0xB0,0x0B
1.252171000000000,,0x00,0x00
1.255144400000000,,0x20,0x02
1.258117800000000,,0x8E,0x00
1.261091000000000,,0x01,0x07
1.264064200000000,,0x01,0x20
1.267037600000000,,0x30,0x04
1.270011000000000,,0x80,0x00
1.272984400000000,,0x65,0x8D
1.309365600000000,,0xB0,0x0B
1.311637800000000,,0x00,0x00
1.314611000000000,,0x20,0x02
1.317584000000000,,0x06,0x00
1.320557200000000,,0x01,0x07
1.323530400000000,,0x01,0x20
1.326503400000000,,0x30,0x04
1.329476800000000,,0x80,0x00
1.332450000000000,,0xDD,0x8D
1.368465000000000,,0xB0,0x0B
1.371103000000000,,0x00,0x00
1.374076400000000,,0x20,0x02
1.377049600000000,,0x8E,0x00
1.380023000000000,,0x01,0x07
1.382996200000000,,0x01,0x20
1.385969400000000,,0x30,0x04
1.388942800000000,,0x80,0x00
1.391916200000000,,0x65,0x8D
1.428089400000000,,0xB0,0x0B
1.430569400000000,,0x00,0x00
1.433542800000000,,0x20,0x02
1.436516200000000,,0x06,0x00
1.439489400000000,,0x01,0x07
1.442463000000000,,0x01,0x20
1.445436400000000,,0x30,0x04
1.448409800000000,,0x80,0x00
1.451383000000000,,0xDD,0x8D
1.487713600000000,,0xB0,0x0B
1.490035400000000,,0x00,0x00
1.493008600000000,,0x20,0x02
1.495981800000000,,0x8E,0x00
1.498955000000000,,0x01,0x07
1.501928200000000,,0x01,0x20
1.504901600000000,,0x30,0x04
1.507874800000000,,0x80,0x00
1.510848200000000,,0x65,0x8D
1.547323400000000,,0xB0,0x0B
1.549501200000000,,0x00,0x00
1.552474600000000,,0x20,0x02
1.555448000000000,,0x06,0x00
1.558421200000000,,0x01,0x07
1.561394400000000,,0x01,0x20
1.564367600000000,,0x30,0x04
1.567341000000000,,0x80,0x00
1.570314200000000,,0xDD,0x8D
1.606566200000000,,0xB0,0x0B
1.608967600000000,,0x00,0x00
1.611941000000000,,0x20,0x02
1.614914600000000,,0x8E,0x00
1.617887800000000,,0x01,0x07
1.620861200000000,,0x01,0x20
1.623834400000000,,0x31,0x04
1.626807800000000,,0x80,0x00
1.629781000000000,,0x66,0x8D
1.666175000000000,,0xB0,0x0B
1.668434200000000,,0x00,0x00
1.671407800000000,,0x20,0x02
1.674381200000000,,0x06,0x00
1.677354600000000,,0x01,0x07
1.680327800000000,,0x01,0x20
1.683301200000000,,0x31,0x04
1.686274600000000,,0x80,0x00
1.689247800000000,,0xDE,0x8D
1.725294000000000,,0xB0,0x0B
1.727902000000000,,0x00,0x00
1.730875600000000,,0x20,0x02
1.733849200000000,,0x8E,0x00
1.736822600000000,,0x01,0x07
1.739796000000000,,0x01,0x20
1.742769400000000,,0x31,0x04
1.745742800000000,,0x80,0x00
1.748716200000000,,0x66,0x8D
1.784917600000000,,0xB0,0x0B
1.787370800000000,,0x00,0x00
1.790344200000000,,0x20,0x02
1.793317400000000,,0x06,0x00
1.796290600000000,,0x01,0x07
1.799263800000000,,0x01,0x20
1.802237000000000,,0x31,0x04
1.805210400000000,,0x80,0x00
1.808183800000000,,0xDE,0x8D
1.844525600000000,,0xB0,0x0B
1.846838800000000,,0x00,0x00
1.849812200000000,,0x20,0x02
1.852785800000000,,0x8E,0x00
1.855759200000000,,0x01,0x07
1.858732400000000,,0x01,0x20
1.861705800000000,,0x31,0x04
1.864679200000000,,0x80,0x00
1.867652600000000,,0x66,0x8D
1.904156800000000,,0xB0,0x0B
1.906306400000000,,0x00,0x00
1.909279600000000,,0x20,0x02
1.912253000000000,,0x06,0x00
1.915226200000000,,0x01,0x07
1.918199600000000,,0x01,0x20
1.921173000000000,,0x31,0x04
1.924146600000000,,0x80,0x00
1.927120000000000,,0xDE,0x8D
1.963262800000000,,0xB0,0x0B
1.965774200000000,,0x00,0x00
1.968747600000000,,0x20,0x02
1.971721000000000,,0x8E,0x00
1.974694200000000,,0x01,0x07
1.977667600000000,,0x01,0x20
1.980641000000000,,0x31,0x04
1.983614400000000,,0x80,0x00
1.986587600000000,,0x66,0x8D
2.022886600000000,,0xB0,0x0B
2.025240000000000,,0x00,0x00
2.028213400000000,,0x20,0x02
2.031186600000000,,0x06,0x00
2.034159800000000,,0x01,0x07
2.037133200000000,,0x01,0x20
2.040106400000000,,0x31,0x04
2.043079800000000,,0x80,0x00
2.046053200000000,,0xDE,0x8D
2.082509200000000,,0xB0,0x0B
2.084707200000000,,0x00,0x00
2.087680600000000,,0x20,0x02
2.090654000000000,,0x8E,0x00
2.093627400000000,,0x01,0x07
2.096600600000000,,0x01,0x20
2.099574000000000,,0x31,0x04
2.102547400000000,,0x80,0x00
2.105520600000000,,0x66,0x8D
2.141613800000000,,0xB0,0x0B
2.144174600000000,,0x00,0x00
2.147148200000000,,0x20,0x02
2.150121600000000,,0x06,0x00
2.153095200000000,,0x01,0x07
2.156068400000000,,0x01,0x20
2.159041800000000,,0x31,0x04
2.162015400000000,,0x80,0x00
2.164989000000000,,0xDE,0x8D
2.201240600000000,,0xB0,0x0B
2.203642400000000,,0x00,0x00
2.206615800000000,,0x20,0x02
2.209589200000000,,0x8E,0x00
2.212562600000000,,0x01,0x07
2.215536000000000,,0x01,0x20
2.218509400000000,,0x31,0x04
2.221482800000000,,0x80,0x00
2.224456200000000,,0x66,0x8D
2.260849600000000,,0xB0,0x0B
2.263108800000000,,0x00,0x00
2.266082200000000,,0x20,0x02
2.269055400000000,,0x06,0x00
2.272028800000000,,0x01,0x07
2.275002200000000,,0x01,0x20
2.277975600000000,,0x31,0x04
2.280949000000000,,0x80,0x00
2.283922400000000,,0xDE,0x8D
2.320020600000000,,0xB0,0x0B
2.322574800000000,,0x00,0x00
2.325548000000000,,0x20,0x02
2.328521200000000,,0x8E,0x00
2.331494400000000,,0x01,0x07
2.334467600000000,,0x01,0x20
2.337440800000000,,0x31,0x04
2.340414000000000,,0x80,0x00
2.343387400000000,,0x66,0x8D
2.379723400000000,,0xB0,0x0B
2.382039800000000,,0x00,0x00
2.385013200000000,,0x20,0x02
2.387986600000000,,0x06,0x00
2.390960000000000,,0x01,0x07
2.393933400000000,,0x01,0x20
2.396906800000000,,0x31,0x04
2.399880200000000,,0x80,0x00
2.402853800000000,,0xDE,0x8D
2.438918000000000,,0xB0,0x0B
2.441507000000000,,0x00,0x00
2.444480400000000,,0x20,0x02
2.447453800000000,,0x8E,0x00
2.450427000000000,,0x01,0x07
2.453400200000000,,0x01,0x20
2.456373600000000,,0x31,0x04
2.459346800000000,,0x80,0x00
2.462320000000000,,0x66,0x8D
2.498622400000000,,0xB0,0x0B
2.500973600000000,,0x00,0x00
2.503946800000000,,0x20,0x02
2.506920200000000,,0x06,0x00
2.509893600000000,,0x01,0x07
2.512867000000000,,0x01,0x20
2.515840400000000,,0x31,0x04
2.518813800000000,,0x80,0x00
2.521787200000000,,0xDE,0x8D
2.557819600000000,,0xB0,0x0B
2.560441000000000,,0x00,0x00
2.563414400000000,,0x20,0x02
2.566387800000000,,0x8E,0x00
2.569361200000000,,0x01,0x07
2.572334600000000,,0x01,0x20
2.575308000000000,,0x31,0x04
2.578281400000000,,0x80,0x00
2.581254800000000,,0x66,0x8D
2.617737400000000,,0xB0,0x0B
2.619908800000000,,0x00,0x00
2.622882200000000,,0x20,0x02
2.625855600000000,,0x06,0x00
2.628828800000000,,0x01,0x07
2.631802200000000,,0x01,0x20
2.634775600000000,,0x32,0x04
2.637748800000000,,0x80,0x00
2.640722200000000,,0xDF,0x8D
2.676949000000000,,0xB0,0x0B
2.679375000000000,,0x00,0x00
2.682348400000000,,0x20,0x02
2.685321600000000,,0x8E,0x00
2.688295000000000,,0x01,0x07
2.691268200000000,,0x01,0x20
2.694241400000000,,0x32,0x04
2.697214800000000,,0x80,0x00
2.700188000000000,,0x67,0x8D
2.736637800000000,,0xB0,0x0B
2.738840200000000,,0x00,0x00
2.741813600000000,,0x20,0x02
2.744786800000000,,0x06,0x00
2.747760000000000,,0x01,0x07
2.750733200000000,,0x01,0x20
2.753706600000000,,0x32,0x04
2.756680000000000,,0x80,0x00
2.759653200000000,,0xDF,0x8D
2.795847400000000,,0xB0,0x0B
2.798306000000000,,0x00,0x00
2.801279400000000,,0x20,0x02
2.804252800000000,,0x8E,0x00
2.807226000000000,,0x01,0x07
2.810199400000000,,0x01,0x20
2.813172800000000,,0x32,0x04
2.816146200000000,,0x80,0x00
2.819119600000000,,0x67,0x8D
2.855539000000000,,0xB0,0x0B
2.857774000000000,,0x00,0x00
2.860747400000000,,0x20,0x02
2.863721000000000,,0x06,0x00
2.866694400000000,,0x01,0x07
2.869668000000000,,0x01,0x20
2.872641600000000,,0x32,0x04
2.875615000000000,,0x80,0x00
2.878588400000000,,0xDF,0x8D
2.914757400000000,,0xB0,0x0B
2.917242000000000,,0x00,0x00
2.920215400000000,,0x20,0x02
2.923188800000000,,0x8E,0x00
2.926162200000000,,0x01,0x07
2.929135600000000,,0x01,0x20
2.932109200000000,,0x32,0x04
2.935082800000000,,0x80,0x00
2.938056200000000,,0x67,0x8D
2.974463400000000,,0xB0,0x0B
2.976711200000000,,0x00,0x00
2.979684400000000,,0x20,0x02
2.982657600000000,,0x06,0x00
2.985631000000000,,0x01,0x07
2.988604400000000,,0x01,0x20
2.991577800000000,,0x32,0x04
2.994551200000000,,0x80,0x00
2.997524600000000,,0xDF,0x8D
3.033661800000000,,0xB0,0x0B
3.036178200000000,,0x00,0x00
3.039151400000000,,0x20,0x02
3.042124800000000,,0x8E,0x00
3.045098200000000,,0x01,0x07
3.048071800000000,,0x01,0x20
3.051045200000000,,0x32,0x04
3.054019000000000,,0x80,0x00
3.056992400000000,,0x67,0x8D
3.093369600000000,,0xB0,0x0B
3.095647000000000,,0x00,0x00
3.098620600000000,,0x20,0x02
3.101594200000000,,0x06,0x00
3.104567600000000,,0x01,0x07
3.107541200000000,,0x01,0x20
3.110514800000000,,0x32,0x04
3.113488200000000,,0x80,0x00
3.116461800000000,,0xDF,0x8D
3.152569400000000,,0xB0,0x0B
3.155116200000000,,0x00,0x00
3.158089600000000,,0x20,0x02
3.161063200000000,,0x8E,0x00
3.164036800000000,,0x01,0x07
3.167010200000000,,0x01,0x20
3.169983600000000,,0x32,0x04
3.172957200000000,,0x80,0x00
3.175930600000000,,0x67,0x8D
3.212275800000000,,0xB0,0x0B
3.214586000000000,,0x00,0x00
3.217559600000000,,0x20,0x02
3.220533000000000,,0x06,0x00
3.223506400000000,,0x01,0x07
3.226480000000000,,0x01,0x20
3.229453400000000,,0x32,0x04
3.232427000000000,,0x80,0x00
3.235400400000000,,0xDF,0x8D
3.271489800000000,,0xB0,0x0B
3.274055000000000,,0x00,0x00
3.277028400000000,,0x20,0x02
3.280001800000000,,0x8E,0x00
3.282975200000000,,0x01,0x07
3.285948600000000,,0x01,0x20
3.288922000000000,,0x32,0x04
3.291895600000000,,0x80,0x00
3.294869200000000,,0x67,0x8D
3.331181600000000,,0xB0,0x0B
3.333523200000000,,0x00,0x00
3.336496600000000,,0x20,0x02
3.339470000000000,,0x06,0x00
3.342443600000000,,0x01,0x07
3.345417000000000,,0x01,0x20
3.348390400000000,,0x32,0x04
3.351364000000000,,0x80,0x00
3.354337400000000,,0xDF,0x8D
3.390393800000000,,0xB0,0x0B
3.392992200000000,,0x00,0x00
3.395965800000000,,0x20,0x02
3.398939200000000,,0x8E,0x00
3.401912800000000,,0x01,0x07
3.404886200000000,,0x01,0x20
3.407859800000000,,0x32,0x04
3.410833200000000,,0x80,0x00
3.413806800000000,,0x67,0x8D
3.450088600000000,,0xB0,0x0B
3.452463400000000,,0x00,0x00
3.455437000000000,,0x20,0x02
3.458410600000000,,0x06,0x00
3.461384400000000,,0x01,0x07
3.464358000000000,,0x01,0x20
3.467331600000000,,0x32,0x04
3.470305400000000,,0x80,0x00
3.473278800000000,,0xDF,0x8D
3.509308400000000,,0xB0,0x0B
3.511936600000000,,0x00,0x00
3.514910000000000,,0x20,0x02
3.517883800000000,,0x8E,0x00
3.520857200000000,,0x01,0x07
3.523830800000000,,0x01,0x20
3.526804400000000,,0x32,0x04
3.529778000000000,,0x80,0x00
3.532751600000000,,0x67,0x8D
3.569030800000000,,0xB0,0x0B
3.571407800000000,,0x00,0x00
3.574381400000000,,0x20,0x02
3.577355000000000,,0x06,0x00
3.580328400000000,,0x01,0x07
3.583301800000000,,0x01,0x20
3.586275200000000,,0x32,0x04
3.589248800000000,,0x80,0x00
3.592222400000000,,0xDF,0x8D
3.628420400000000,,0xB0,0x0B
3.630877600000000,,0x00,0x00
3.633851200000000,,0x20,0x02
3.636825000000000,,0x8E,0x00
3.639798600000000,,0x01,0x07
3.642772000000000,,0x01,0x20
3.645745600000000,,0x33,0x04
3.648719200000000,,0x80,0x00
3.651692800000000,,0x68,0x8D
3.688131200000000,,0xB0,0x0B
3.690349400000000,,0x00,0x00
3.693323000000000,,0x20,0x02
3.696296600000000,,0x06,0x00
3.699270200000000,,0x01,0x07
3.702243800000000,,0x01,0x20
3.705217400000000,,0x33,0x04
3.708191000000000,,0x80,0x00
3.711164600000000,,0xE0,0x8D
3.747334000000000,,0xB0,0x0B
3.749822200000000,,0x00,0x00
3.752796000000000,,0x20,0x02
3.755769800000000,,0x8E,0x00
3.758743200000000,,0x01,0x07
3.761716800000000,,0x01,0x20
3.764690400000000,,0x33,0x04
3.767664000000000,,0x80,0x00
3.770637600000000,,0x68,0x8D
3.807040800000000,,0xB0,0x0B
3.809293200000000,,0x00,0x00
3.812266600000000,,0x20,0x02
3.815240200000000,,0x06,0x00
3.818213600000000,,0x01,0x07
3.821187000000000,,0x01,0x20
3.824160600000000,,0x33,0x04
3.827134200000000,,0x80,0x00
3.830107600000000,,0xE0,0x8D
3.866263600000000,,0xB0,0x0B
3.868762200000000,,0x00,0x00
3.871735600000000,,0x20,0x02
3.874709000000000,,0x8E,0x00
3.877682400000000,,0x01,0x07
3.880655800000000,,0x01,0x20
3.883629400000000,,0x33,0x04
3.886602800000000,,0x80,0x00
3.889576200000000,,0x68,0x8D
3.925956200000000,,0xB0,0x0B
3.928230600000000,,0x00,0x00
3.931204000000000,,0x20,0x02
3.934177400000000,,0x06,0x00
3.937150800000000,,0x01,0x07
3.940124000000000,,0x01,0x20
3.943097400000000,,0x33,0x04
3.946071000000000,,0x80,0x00
3.949044600000000,,0xE0,0x8D
3.985171600000000,,0xB0,0x0B
3.987700200000000,,0x00,0x00
3.990673600000000,,0x20,0x02
3.993647200000000,,0x8E,0x00
3.996620800000000,,0x01,0x07
3.999594400000000,,0x01,0x20
4.002568000000000,,0x33,0x04
4.005541600000000,,0x80,0x00
4.008515200000000,,0x68,0x8D
4.044866600000000,,0xB0,0x0B
4.047171000000000,,0x00,0x00
4.050144400000000,,0x20,0x02
4.053118000000000,,0x06,0x00
4.056091600000000,,0x01,0x07
4.059065000000000,,0x01,0x20
4.062038400000000,,0x33,0x04
4.065012000000000,,0x80,0x00
4.067985400000000,,0xE0,0x8D
4.104083400000000,,0xB0,0x0B
4.106640400000000,,0x00,0x00
4.109613800000000,,0x20,0x02
4.112587200000000,,0x8E,0x00
4.115560600000000,,0x01,0x07
4.118534200000000,,0x01,0x20
4.121507600000000,,0x33,0x04
4.124481000000000,,0x80,0x00
4.127454400000000,,0x68,0x8D
4.163790200000000,,0xB0,0x0B
4.166109200000000,,0x00,0x00
4.169082600000000,,0x20,0x02
4.172056000000000,,0x06,0x00
4.175029400000000,,0x01,0x07
4.178003000000000,,0x01,0x20
4.180976600000000,,0x33,0x04
4.183950200000000,,0x80,0x00
4.186923600000000,,0xE0,0x8D
4.222990400000000,,0xB0,0x0B
4.225578600000000,,0x00,0x00
4.228552200000000,,0x20,0x02
4.231525600000000,,0x8E,0x00
4.234499000000000,,0x01,0x07
4.237472400000000,,0x01,0x20
4.240445800000000,,0x33,0x04
4.243419400000000,,0x80,0x00
4.246392800000000,,0x68,0x8D
4.282695400000000,,0xB0,0x0B
4.285046000000000,,0x00,0x00
4.288019400000000,,0x20,0x02
4.290992800000000,,0x06,0x00
4.293966200000000,,0x01,0x07
4.296939400000000,,0x01,0x20
4.299913000000000,,0x33,0x04
4.302886600000000,,0x80,0x00
4.305860000000000,,0xE0,0x8D
4.341890400000000,,0xB0,0x0B
4.344514000000000,,0x00,0x00
4.347487400000000,,0x20,0x02
4.350460800000000,,0x8E,0x00
4.353434000000000,,0x01,0x07
4.356407200000000,,0x01,0x20
4.359380400000000,,0x33,0x04
4.362353800000000,,0x80,0x00
4.365327000000000,,0x68,0x8D
4.401594600000000,,0xB0,0x0B
4.403979400000000,,0x00,0x00
4.406952600000000,,0x20,0x02
4.409925800000000,,0x06,0x00
4.412899000000000,,0x01,0x07
4.415872200000000,,0x01,0x20
4.418845400000000,,0x33,0x04
4.421818800000000,,0x80,0x00
4.424792000000000,,0xE0,0x8D
4.461300600000000,,0xB0,0x0B
4.463445200000000,,0x00,0x00
4.466418600000000,,0x20,0x02
4.469392000000000,,0x8E,0x00
4.472365200000000,,0x01,0x07
4.475338400000000,,0x01,0x20
4.478311800000000,,0x33,0x04
4.481285000000000,,0x80,0x00
4.484258400000000,,0x68,0x8D
4.520494200000000,,0xB0,0x0B
4.522911400000000,,0x00,0x00
4.525884600000000,,0x20,0x02
4.528858000000000,,0x06,0x00
4.531831200000000,,0x01,0x07
4.534804400000000,,0x01,0x20
4.537777800000000,,0x33,0x04
4.540751200000000,,0x80,0x00
4.543724400000000,,0xE0,0x8D
4.580184400000000,,0xB0,0x0B
4.582377400000000,,0x40,0x00
4.585350600000000,,0x20,0x02
4.588324000000000,,0x8E,0x00
4.591297200000000,,0x01,0x07
4.594270600000000,,0x01,0x20
4.597244000000000,,0x34,0x04
4.600217400000000,,0x81,0x00
4.603190800000000,,0xAA,0x8D
4.639343400000000,,0xB0,0x0B
4.641844400000000,,0x40,0x00
4.644817800000000,,0x20,0x02
4.647791200000000,,0x06,0x00
4.650764400000000,,0x01,0x07
4.653737800000000,,0x01,0x20
4.656711200000000,,0x34,0x04
4.659684800000000,,0x81,0x00
4.662658000000000,,0x22,0x8D
4.699024800000000,,0xB0,0x0B
4.701312000000000,,0x40,0x00
4.704285200000000,,0x20,0x02
4.707258600000000,,0x8E,0x00
4.710231800000000,,0x01,0x07
4.713205200000000,,0x01,0x20
4.716178400000000,,0x34,0x04
4.719151600000000,,0x81,0x00
4.722125000000000,,0xAA,0x8D
4.758200600000000,,0xB0,0x0B
4.760778600000000,,0x40,0x00
4.763751800000000,,0x20,0x02
4.766725200000000,,0x06,0x00
4.769698600000000,,0x01,0x07
4.772672000000000,,0x01,0x20
4.775645400000000,,0x34,0x04
4.778618800000000,,0x81,0x00
4.781592200000000,,0x22,0x8D
4.817864400000000,,0xB0,0x0B
4.820245600000000,,0x40,0x00
4.823219000000000,,0x20,0x02
4.826192400000000,,0x8E,0x00
4.829165800000000,,0x01,0x07
4.832139000000000,,0x01,0x20
4.835112600000000,,0x34,0x04
4.838086000000000,,0x81,0x00
4.841059400000000,,0xAA,0x8D
4.877554200000000,,0xB0,0x0B
4.879714600000000,,0x40,0x00
4.882688000000000,,0x20,0x02
4.885661400000000,,0x06,0x00
4.888634800000000,,0x01,0x07
4.891608400000000,,0x01,0x20
4.894581800000000,,0x34,0x04
4.897555400000000,,0x81,0x00
4.900528800000000,,0x22,0x8D
4.936714600000000,,0xB0,0x0B
4.939184200000000,,0x40,0x00
4.942157400000000,,0x20,0x02
4.945130800000000,,0x8E,0x00
4.948104200000000,,0x01,0x07
4.951077400000000,,0x01,0x20
4.954050800000000,,0x34,0x04
4.957024200000000,,0x81,0x00
4.959997400000000,,0xAA,0x8D
4.996394800000000,,0xB0,0x0B
4.998651600000000,,0x40,0x00
5.001625200000000,,0x20,0x02
5.004598600000000,,0x06,0x00
5.007572200000000,,0x01,0x07
5.010545600000000,,0x01,0x20
5.013519000000000,,0x34,0x04
5.016492400000000,,0x81,0x00
5.019466000000000,,0x22,0x8D
5.055571600000000,,0xB0,0x0B
5.058120400000000,,0x40,0x00
5.061093800000000,,0x20,0x02
5.064067000000000,,0x8E,0x00
5.067040400000000,,0x01,0x07
5.070013600000000,,0x01,0x20
5.072987000000000,,0x34,0x04
5.075960600000000,,0x81,0x00
5.078934000000000,,0xAA,0x8D
5.115237200000000,,0xB0,0x0B
5.117588000000000,,0x40,0x00
5.120561400000000,,0x20,0x02
5.123534800000000,,0x06,0x00
5.126508200000000,,0x01,0x07
5.129481400000000,,0x01,0x20
5.132454800000000,,0x34,0x04
5.135428400000000,,0x81,0x00
5.138401600000000,,0x22,0x8D
5.174413200000000,,0xB0,0x0B
5.177055600000000,,0x40,0x00
5.180029000000000,,0x20,0x02
5.183002400000000,,0x8E,0x00
5.185975800000000,,0x01,0x07
5.188949200000000,,0x01,0x20
5.191922800000000,,0x34,0x04
5.194896200000000,,0x81,0x00
5.197869800000000,,0xAA,0x8D
5.234081000000000,,0xB0,0x0B
5.236525600000000,,0x40,0x00
5.239499000000000,,0x20,0x02
5.242472600000000,,0x06,0x00
5.245446200000000,,0x01,0x07
5.248419800000000,,0x01,0x20
5.251393200000000,,0x34,0x04
5.254366800000000,,0x81,0x00
5.257340400000000,,0x22,0x8D
5.293764800000000,,0xB0,0x0B
5.295995800000000,,0x40,0x00
5.298969200000000,,0x20,0x02
5.301942800000000,,0x8E,0x00
5.304916200000000,,0x01,0x07
5.307889600000000,,0x01,0x20
5.310863000000000,,0x34,0x04
5.313836600000000,,0x81,0x00
5.316810200000000,,0xAA,0x8D
5.352956400000000,,0xB0,0x0B
5.355466000000000,,0x00,0x00
5.358439600000000,,0x20,0x02
5.361413400000000,,0x06,0x00
5.364386800000000,,0x01,0x07
5.367360200000000,,0x01,0x20
5.370333800000000,,0x34,0x04
5.373307400000000,,0x80,0x00
5.376280800000000,,0xE1,0x8D
5.412566600000000,,0xB0,0x0B
5.414935200000000,,0x00,0x00
5.417908600000000,,0x20,0x02
5.420882000000000,,0x8E,0x00
5.423855200000000,,0x01,0x07
5.426828600000000,,0x01,0x20
5.429802200000000,,0x34,0x04
5.432775600000000,,0x80,0x00
5.435748800000000,,0x69,0x8D
5.472192600000000,,0xB0,0x0B
5.474403600000000,,0x00,0x00
5.477377200000000,,0x20,0x02
5.480350800000000,,0x06,0x00
5.483324400000000,,0x01,0x07
5.486297800000000,,0x01,0x20
5.489271200000000,,0x34,0x04
5.492244800000000,,0x80,0x00
5.495218400000000,,0xE1,0x8D
5.531298800000000,,0xB0,0x0B
5.533874200000000,,0x00,0x00
5.536847800000000,,0x20,0x02
5.539821400000000,,0x8E,0x00
5.542794800000000,,0x01,0x07
5.545768200000000,,0x01,0x20
5.548741800000000,,0x34,0x04
5.551715400000000,,0x80,0x00
5.554689000000000,,0x69,0x8D
5.591059000000000,,0xB0,0x0B
5.593345400000000,,0x00,0x00
5.596319000000000,,0x20,0x02
5.599292600000000,,0x06,0x00
5.602266200000000,,0x01,0x07
5.605239800000000,,0x01,0x20
5.608213400000000,,0x35,0x04
5.611186800000000,,0x80,0x00
5.614160400000000,,0xE2,0x8D
5.650688000000000,,0xB0,0x0B
5.652816800000000,,0x00,0x00
5.655790200000000,,0x20,0x02
5.658763800000000,,0x8E,0x00
5.661737400000000,,0x01,0x07
5.664711000000000,,0x01,0x20
5.667684600000000,,0x35,0x04
5.670658200000000,,0x80,0x00
5.673631800000000,,0x6A,0x8D
5.709794800000000,,0xB0,0x0B
5.712287400000000,,0x00,0x00
5.715261000000000,,0x20,0x02
5.718234600000000,,0x06,0x00
5.721208000000000,,0x01,0x07
5.724181400000000,,0x01,0x20
5.727155000000000,,0x35,0x04
5.730128400000000,,0x80,0x00
5.733101800000000,,0xE2,0x8D
5.769422800000000,,0xB0,0x0B
5.771757000000000,,0x00,0x00
5.774730600000000,,0x20,0x02
5.777704000000000,,0x8E,0x00
5.780677400000000,,0x01,0x07
5.783650800000000,,0x01,0x20
5.786624400000000,,0x35,0x04
5.789597800000000,,0x80,0x00
5.792571200000000,,0x6A,0x8D
5.829032000000000,,0xB0,0x0B
5.831225000000000,,0x00,0x00
5.834198400000000,,0x20,0x02
5.837172000000000,,0x06,0x00
5.840145400000000,,0x01,0x07
5.843118800000000,,0x01,0x20
5.846092400000000,,0x35,0x04
5.849065800000000,,0x80,0x00
5.852039400000000,,0xE2,0x8D
5.888161000000000,,0xB0,0x0B
5.890696000000000,,0x00,0x00
5.893669600000000,,0x20,0x02
5.896643400000000,,0x8E,0x00
5.899616800000000,,0x01,0x07
5.902590400000000,,0x01,0x20
5.905564000000000,,0x35,0x04
5.908537800000000,,0x80,0x00
5.911511400000000,,0x6A,0x8D
5.947793000000000,,0xB0,0x0B
5.950169000000000,,0x00,0x00
5.953142800000000,,0x20,0x02
5.956116400000000,,0x06,0x00
5.959090000000000,,0x01,0x07
5.962063600000000,,0x01,0x20
5.965037200000000,,0x35,0x04
5.968010800000000,,0x80,0x00
5.970984400000000,,0xE2,0x8D
6.007407400000000,,0xB0,0x0B
6.009640000000000,,0x00,0x00
6.012613400000000,,0x20,0x02
6.015587000000000,,0x8E,0x00
6.018560600000000,,0x01,0x07
6.021534000000000,,0x01,0x20
6.024507600000000,,0x35,0x04
6.027481000000000,,0x80,0x00
6.030454600000000,,0x6A,0x8D
6.066528800000000,,0xB0,0x0B
6.069109600000000,,0x00,0x00
6.072083000000000,,0x20,0x02
6.075056600000000,,0x06,0x00
6.078030200000000,,0x01,0x07
6.081003400000000,,0x01,0x20
6.083976800000000,,0x35,0x04
6.086950200000000,,0x80,0x00
6.089923800000000,,0xE2,0x8D
6.126141000000000,,0xB0,0x0B
6.128580000000000,,0x00,0x00
6.131553600000000,,0x20,0x02
6.134527200000000,,0x8E,0x00
6.137500800000000,,0x01,0x07
6.140474400000000,,0x01,0x20
6.143448000000000,,0x35,0x04
6.146421600000000,,0x80,0x00
6.149395200000000,,0x6A,0x8D
6.185770400000000,,0xB0,0x0B
6.188051800000000,,0x00,0x00
6.191025400000000,,0x20,0x02
6.193998800000000,,0x06,0x00
6.196972400000000,,0x01,0x07
6.199946000000000,,0x01,0x20
6.202919600000000,,0x35,0x04
6.205893200000000,,0x80,0x00
6.208866800000000,,0xE2,0x8D
6.245397400000000,,0xB0,0x0B
6.247523200000000,,0x00,0x00
6.250496800000000,,0x20,0x02
6.253470400000000,,0x8E,0x00
6.256443800000000,,0x01,0x07
6.259417200000000,,0x01,0x20
6.262390400000000,,0x35,0x04
6.265364000000000,,0x80,0x00
6.268337400000000,,0x6A,0x8D
6.304501200000000,,0xB0,0x0B
6.306992800000000,,0x00,0x00
6.309966200000000,,0x20,0x02
6.312939600000000,,0x06,0x00
6.315913200000000,,0x01,0x07
6.318886600000000,,0x01,0x20
6.321860000000000,,0x35,0x04
6.324833400000000,,0x80,0x00
6.327807000000000,,0xE2,0x8D
6.364127400000000,,0xB0,0x0B
6.366461400000000,,0x00,0x00
6.369434800000000,,0x20,0x02
6.372408400000000,,0x8E,0x00
6.375381800000000,,0x01,0x07
6.378355200000000,,0x01,0x20
6.381328800000000,,0x35,0x04
6.384302200000000,,0x80,0x00
6.387275800000000,,0x6A,0x8D
6.423737800000000,,0xB0,0x0B
6.425931000000000,,0x00,0x00
6.428904400000000,,0x20,0x02
6.431878000000000,,0x06,0x00
6.434851400000000,,0x01,0x07
6.437824600000000,,0x01,0x20
6.440798200000000,,0x35,0x04
6.443771800000000,,0x80,0x00
6.446745400000000,,0xE2,0x8D
6.482861200000000,,0xB0,0x0B
6.485401800000000,,0x00,0x00
6.488375400000000,,0x20,0x02
6.491349000000000,,0x8E,0x00
6.494322600000000,,0x01,0x07
6.497296200000000,,0x01,0x20
6.500269800000000,,0x35,0x04
6.503243400000000,,0x80,0x00
6.506217200000000,,0x6A,0x8D
6.542504200000000,,0xB0,0x0B
6.544873600000000,,0x00,0x00
6.547847000000000,,0x20,0x02
6.550820600000000,,0x06,0x00
6.553794200000000,,0x01,0x07
6.556767800000000,,0x01,0x20
6.559741400000000,,0x35,0x04
6.562714800000000,,0x80,0x00
6.565688400000000,,0xE2,0x8D
6.601725200000000,,0xB0,0x0B
6.604343800000000,,0x00,0x00
6.607317400000000,,0x20,0x02
6.610291000000000,,0x8E,0x00
6.613264600000000,,0x01,0x07
6.616238200000000,,0x01,0x20
6.619211600000000,,0x36,0x04
6.622185200000000,,0x80,0x00
6.625158600000000,,0x6B,0x8D
6.661357000000000,,0xB0,0x0B
6.663814600000000,,0x00,0x00
6.666788000000000,,0x20,0x02
6.669761400000000,,0x06,0x00
6.672734800000000,,0x01,0x07
6.675708600000000,,0x01,0x20
6.678682200000000,,0x36,0x04
6.681655800000000,,0x80,0x00
6.684629400000000,,0xE3,0x8D
6.720969000000000,,0xB0,0x0B
6.723285800000000,,0x00,0x00
6.726259400000000,,0x20,0x02
6.729233000000000,,0x8E,0x00
6.732206600000000,,0x01,0x07
6.735180000000000,,0x01,0x20
6.738153600000000,,0x36,0x04
6.741127000000000,,0x80,0x00
6.744100600000000,,0x6B,0x8D
6.780597800000000,,0xB0,0x0B
6.782756400000000,,0x00,0x00
6.785729800000000,,0x20,0x02
6.788703400000000,,0x06,0x00
6.791676800000000,,0x01,0x07
6.794650200000000,,0x01,0x20
6.797623600000000,,0x36,0x04
6.800597000000000,,0x80,0x00
6.803570600000000,,0xE3,0x8D
6.839725000000000,,0xB0,0x0B
6.842225600000000,,0x00,0x00
6.845199200000000,,0x20,0x02
6.848173000000000,,0x8E,0x00
6.851146400000000,,0x01,0x07
6.854119800000000,,0x01,0x20
6.857093400000000,,0x36,0x04
6.860067000000000,,0x80,0x00
6.863040400000000,,0x6B,0x8D
6.899337600000000,,0xB0,0x0B
6.901695200000000,,0x00,0x00
6.904668400000000,,0x20,0x02
6.907641800000000,,0x06,0x00
6.910615000000000,,0x01,0x07
6.913588400000000,,0x01,0x20
6.916561800000000,,0x36,0x04
6.919535200000000,,0x80,0x00
6.922508600000000,,0xE3,0x8D
6.958962000000000,,0xB0,0x0B
6.961162600000000,,0x00,0x00
6.964136000000000,,0x20,0x02
6.967109400000000,,0x8E,0x00
6.970083000000000,,0x01,0x07
6.973056400000000,,0x01,0x20
6.976029800000000,,0x36,0x04
6.979003200000000,,0x80,0x00
6.981976600000000,,0x6B,0x8D
7.018063600000000,,0xB0,0x0B
7.020630800000000,,0x00,0x00
7.023604200000000,,0x20,0x02
7.026577600000000,,0x06,0x00
7.029551200000000,,0x01,0x07
7.032524600000000,,0x01,0x20
7.035498000000000,,0x36,0x04
7.038471600000000,,0x80,0x00
7.041445200000000,,0xE3,0x8D
7.077692800000000,,0xB0,0x0B
7.080100600000000,,0x00,0x00
7.083073800000000,,0x20,0x02
7.086047400000000,,0x8E,0x00
7.089020800000000,,0x01,0x07
7.091994200000000,,0x01,0x20
7.094967600000000,,0x36,0x04
7.097941200000000,,0x80,0x00
7.100914600000000,,0x6B,0x8D
7.137318600000000,,0xB0,0x0B
7.139568600000000,,0x00,0x00
7.142542000000000,,0x20,0x02
7.145515400000000,,0x06,0x00
7.148489000000000,,0x01,0x07
7.151462400000000,,0x01,0x20
7.154436000000000,,0x36,0x04
7.157409400000000,,0x80,0x00
7.160382800000000,,0xE3,0x8D
7.196420600000000,,0xB0,0x0B
7.199037600000000,,0x00,0x00
7.202011200000000,,0x20,0x02
7.204984800000000,,0x8E,0x00
7.207958400000000,,0x01,0x07
7.210931800000000,,0x01,0x20
7.213905200000000,,0x36,0x04
7.216878600000000,,0x80,0x00
7.219852000000000,,0x6B,0x8D
7.256048400000000,,0xB0,0x0B
7.258506000000000,,0x00,0x00
7.261479400000000,,0x20,0x02
7.264453000000000,,0x06,0x00
7.267426400000000,,0x01,0x07
7.270400000000000,,0x01,0x20
7.273373400000000,,0x36,0x04
7.276347000000000,,0x80,0x00
7.279320400000000,,0xE3,0x8D
7.315657400000000,,0xB0,0x0B
7.317974000000000,,0x00,0x00
7.320947400000000,,0x20,0x02
7.323920800000000,,0x8E,0x00
7.326894000000000,,0x01,0x07
7.329867400000000,,0x01,0x20
7.332840800000000,,0x36,0x04
7.335814200000000,,0x80,0x00
7.338787400000000,,0x6B,0x8D
7.375282200000000,,0xB0,0x0B
7.377441000000000,,0x00,0x00
7.380414400000000,,0x20,0x02
7.383388000000000,,0x06,0x00
7.386361600000000,,0x01,0x07
7.389335000000000,,0x01,0x20
7.392308600000000,,0x36,0x04
7.395282200000000,,0x80,0x00
7.398255600000000,,0xE3,0x8D
7.434402800000000,,0xB0,0x0B
7.436910400000000,,0x00,0x00
7.439884000000000,,0x20,0x02
7.442857400000000,,0x8E,0x00
7.445831000000000,,0x01,0x07
7.448804600000000,,0x01,0x20
7.451778000000000,,0x36,0x04
7.454751600000000,,0x80,0x00
7.457725000000000,,0x6B,0x8D
7.494014600000000,,0xB0,0x0B
7.496380400000000,,0x00,0x00
7.499354000000000,,0x20,0x02
7.502327400000000,,0x06,0x00
7.505301000000000,,0x01,0x07
7.508274400000000,,0x01,0x20
7.511248000000000,,0x36,0x04
7.514221600000000,,0x80,0x00
7.517195000000000,,0xE3,0x8D
7.553272000000000,,0xB0,0x0B
7.555850400000000,,0x00,0x00
7.558823800000000,,0x20,0x02
7.561797400000000,,0x8E,0x00
7.564770600000000,,0x01,0x07
7.567744000000000,,0x01,0x20
7.570717400000000,,0x37,0x04
7.573690800000000,,0x80,0x00
7.576664200000000,,0x6C,0x8D
7.612887000000000,,0xB0,0x0B
7.615320200000000,,0x00,0x00
7.618293800000000,,0x20,0x02
7.621267400000000,,0x06,0x00
7.624241000000000,,0x01,0x07
7.627214600000000,,0x01,0x20
7.630188000000000,,0x37,0x04
7.633161600000000,,0x80,0x00
7.636135400000000,,0xE4,0x8D
7.672513400000000,,0xB0,0x0B
7.674791200000000,,0x00,0x00
7.677764800000000,,0x20,0x02
7.680738200000000,,0x8E,0x00
7.683712000000000,,0x01,0x07
7.686685600000000,,0x01,0x20
7.689659400000000,,0x37,0x04
7.692633000000000,,0x80,0x00
7.695606600000000,,0x6C,0x8D
7.731638200000000,,0xB0,0x0B
7.734262600000000,,0x00,0x00
7.737236200000000,,0x20,0x02
7.740209600000000,,0x06,0x00
7.743183200000000,,0x01,0x07
7.746156800000000,,0x01,0x20
7.749130400000000,,0x37,0x04
7.752104000000000,,0x80,0x00
7.755077400000000,,0xE4,0x8D
7.791250800000000,,0xB0,0x0B
7.793734000000000,,0x00,0x00
7.796707600000000,,0x20,0x02
7.799681400000000,,0x8E,0x00
7.802654800000000,,0x01,0x07
7.805628400000000,,0x01,0x20
7.808602000000000,,0x37,0x04
7.811575600000000,,0x80,0x00
7.814549200000000,,0x6C,0x8D
7.850886000000000,,0xB0,0x0B
7.853206200000000,,0x00,0x00
7.856180000000000,,0x20,0x02
7.859153600000000,,0x06,0x00
7.862127200000000,,0x01,0x07
7.865100800000000,,0x01,0x20
7.868074400000000,,0x37,0x04
7.871048200000000,,0x80,0x00
7.874021800000000,,0xE4,0x8D
7.910501200000000,,0xB0,0x0B
7.912679400000000,,0x00,0x00
7.915653000000000,,0x20,0x02
7.918626400000000,,0x8E,0x00
7.921600000000000,,0x01,0x07
7.924573600000000,,0x01,0x20
7.927547200000000,,0x37,0x04
7.930521000000000,,0x80,0x00
7.933494600000000,,0x6C,0x8D
7.969623000000000,,0xB0,0x0B
7.972151000000000,,0x00,0x00
7.975124600000000,,0x20,0x02
7.978098200000000,,0x06,0x00
7.981072000000000,,0x01,0x07
7.984045600000000,,0x01,0x20
7.987019200000000,,0x37,0x04
7.989992800000000,,0x80,0x00
7.992966200000000,,0xE4,0x8D
8.029253400000000,,0xB0,0x0B
8.031623400000001,,0x00,0x00
8.034597000000000,,0x20,0x02
8.037570600000000,,0x8E,0x00
8.040544400000000,,0x01,0x07
8.043517800000000,,0x01,0x20
8.046491400000001,,0x37,0x04
8.049465200000000,,0x80,0x00
8.052438799999999,,0x6C,0x8D
8.088867400000000,,0xB0,0x0B
8.091096000000000,,0x00,0x00
8.094069400000000,,0x20,0x02
8.097042800000001,,0x06,0x00
8.100016399999999,,0x01,0x07
8.102989800000000,,0x01,0x20
8.105963200000000,,0x37,0x04
8.108936999999999,,0x80,0x00
8.111910600000000,,0xE4,0x8D
8.147989600000001,,0xB0,0x0B
8.150566400000001,,0x00,0x00
8.153540000000000,,0x20,0x02
8.156513400000000,,0x8E,0x00
8.159486800000000,,0x01,0x07
8.162460200000000,,0x01,0x20
8.165433600000000,,0x37,0x04
8.168407200000001,,0x80,0x00
8.171380800000000,,0x6C,0x8D
8.207603799999999,,0xB0,0x0B
8.210037000000000,,0x00,0x00
8.213010400000000,,0x20,0x02
8.215984000000001,,0x06,0x00
8.218957400000001,,0x01,0x07
8.221930800000001,,0x01,0x20
8.224904600000000,,0x37,0x04
8.227878199999999,,0x80,0x00
8.230851800000000,,0xE4,0x8D
8.267230200000000,,0xB0,0x0B
8.269508000000000,,0x00,0x00
8.272481600000001,,0x20,0x02
8.275454999999999,,0x8E,0x00
8.278428600000000,,0x01,0x07
8.281402000000000,,0x01,0x20
8.284375400000000,,0x37,0x04
8.287349000000001,,0x80,0x00
8.290322600000000,,0x6C,0x8D
8.326354600000000,,0xB0,0x0B
8.328979199999999,,0x00,0x00
8.331952800000000,,0x20,0x02
8.334926599999999,,0x06,0x00
8.337900200000000,,0x01,0x07
8.340873800000001,,0x01,0x20
8.343847400000000,,0x37,0x04
8.346821200000001,,0x80,0x00
8.349794800000000,,0xE4,0x8D
8.385967800000000,,0xB0,0x0B
8.388451000000000,,0x00,0x00
8.391424400000000,,0x20,0x02
8.394397800000000,,0x8E,0x00
8.397371400000001,,0x01,0x07
8.400344799999999,,0x01,0x20
8.403318199999999,,0x37,0x04
8.406291599999999,,0x80,0x00
8.409265200000000,,0x6C,0x8D
8.445594200000000,,0xB0,0x0B
8.447921400000000,,0x00,0x00
8.450894999999999,,0x20,0x02
8.453868399999999,,0x06,0x00
8.456842000000000,,0x01,0x07
8.459815400000000,,0x01,0x20
8.462788800000000,,0x37,0x04
8.465762399999999,,0x80,0x00
8.468736000000000,,0xE4,0x8D
8.505206200000000,,0xB0,0x0B
8.507392400000001,,0x00,0x00
8.510365999999999,,0x20,0x02
8.513339400000000,,0x8E,0x00
8.516313000000000,,0x01,0x07
8.519286800000000,,0x01,0x20
8.522260400000000,,0x37,0x04
8.525233999999999,,0x80,0x00
8.528207800000001,,0x6C,0x8D
8.564459200000000,,0xB0,0x0B
8.566863600000000,,0x00,0x00
8.569837200000000,,0x20,0x02
8.572811000000000,,0x06,0x00
8.575784600000000,,0x01,0x07
8.578758199999999,,0x01,0x20
8.581731800000000,,0x38,0x04
8.584705400000001,,0x80,0x00
8.587678800000001,,0xE5,0x8D
8.624093600000000,,0xB0,0x0B
8.626335200000000,,0x00,0x00
8.629308600000000,,0x20,0x02
8.632282200000001,,0x8E,0x00
8.635255600000001,,0x01,0x07
8.638229000000001,,0x01,0x20
8.641202600000000,,0x38,0x04
8.644176200000000,,0x80,0x00
8.647149799999999,,0x6D,0x8D
8.683254000000000,,0xB0,0x0B
8.685804400000000,,0x80,0x00
8.688777800000000,,0x20,0x02
8.691751200000001,,0x06,0x00
8.694724600000001,,0x01,0x07
8.697698000000001,,0x01,0x20
8.700671399999999,,0x38,0x04
8.703644799999999,,0x81,0x00
8.706618199999999,,0x66,0x8D
8.742934200000001,,0xB0,0x0B
8.745271799999999,,0x80,0x00
8.748245199999999,,0x20,0x02
8.751218600000000,,0x8E,0x00
8.754191799999999,,0x01,0x07
8.757165199999999,,0x01,0x20
8.760138599999999,,0x38,0x04
8.763111800000001,,0x81,0x00
8.766085199999999,,0xEE,0x8D
8.802602400000000,,0xB0,0x0B
8.804738000000000,,0x80,0x00
8.807711200000000,,0x20,0x02
8.810684600000000,,0x06,0x00
8.813658000000000,,0x01,0x07
8.816631200000000,,0x01,0x20
8.819604600000000,,0x38,0x04
8.822578200000001,,0x81,0x00
8.825551600000001,,0x66,0x8D
8.861784999999999,,0xB0,0x0B
8.864206400000000,,0x80,0x00
8.867179800000001,,0x20,0x02
8.870153400000000,,0x8E,0x00
8.873126800000000,,0x01,0x07
8.876100200000000,,0x01,0x20
8.879073800000000,,0x38,0x04
8.882047200000001,,0x81,0x00
8.885020600000001,,0xEE,0x8D
8.921468000000001,,0xB0,0x0B
8.923674999999999,,0x80,0x00
8.926648399999999,,0x20,0x02
8.929622000000000,,0x06,0x00
8.932595400000000,,0x01,0x07
8.935568600000000,,0x01,0x20
8.938542200000001,,0x38,0x04
8.941515600000001,,0x81,0x00
8.944489000000001,,0x66,0x8D
8.980627000000000,,0xB0,0x0B
8.983142400000000,,0x80,0x00
8.986115800000000,,0x20,0x02
8.989089200000000,,0x8E,0x00
8.992062600000001,,0x01,0x07
8.995036000000001,,0x01,0x20
8.998009400000001,,0x38,0x04
9.000982799999999,,0x81,0x00
9.003956199999999,,0xEE,0x8D
9.040310399999999,,0xB0,0x0B
9.042611800000000,,0x80,0x00
9.045585200000000,,0x20,0x02
9.048558800000000,,0x06,0x00
9.051532200000000,,0x01,0x07
9.054505600000001,,0x01,0x20
9.057479000000001,,0x38,0x04
9.060452600000000,,0x81,0x00
9.063426000000000,,0x66,0x8D
9.099468999999999,,0xB0,0x0B
9.102080200000000,,0x80,0x00
9.105053399999999,,0x20,0x02
9.108026799999999,,0x8E,0x00
9.111000199999999,,0x01,0x07
9.113973600000000,,0x01,0x20
9.116947000000000,,0x38,0x04
9.119920400000000,,0x81,0x00
9.122893800000000,,0xEE,0x8D
9.159148999999999,,0xB0,0x0B
9.161548000000000,,0x80,0x00
9.164521400000000,,0x20,0x02
9.167494800000000,,0x06,0x00
9.170468200000000,,0x01,0x07
9.173441600000000,,0x01,0x20
9.176415000000000,,0x38,0x04
9.179388400000001,,0x81,0x00
9.182361800000001,,0x66,0x8D
9.218833200000001,,0xB0,0x0B
9.221016799999999,,0x80,0x00
9.223990199999999,,0x20,0x02
9.226963599999999,,0x8E,0x00
9.229937000000000,,0x01,0x07
9.232910400000000,,0x01,0x20
9.235884000000000,,0x38,0x04
9.238857599999999,,0x81,0x00
9.241831200000000,,0xEE,0x8D
9.277993800000001,,0xB0,0x0B
9.280485799999999,,0x80,0x00
9.283459199999999,,0x20,0x02
9.286432800000000,,0x06,0x00
9.289406200000000,,0x01,0x07
9.292379800000001,,0x01,0x20
9.295353199999999,,0x38,0x04
9.298327000000000,,0x81,0x00
9.301300400000001,,0x66,0x8D
9.337689200000000,,0xB0,0x0B
9.339958200000000,,0x80,0x00
9.342931800000001,,0x20,0x02
9.345905399999999,,0x8E,0x00
9.348879200000001,,0x01,0x07
9.351852800000000,,0x01,0x20
9.354826400000000,,0x38,0x04
9.357800200000000,,0x81,0x00
9.360773800000000,,0xEE,0x8D
9.396813000000000,,0xB0,0x0B
9.399431399999999,,0x00,0x00
9.402405000000000,,0x20,0x02
9.405378400000000,,0x06,0x00
9.408352199999999,,0x01,0x07
9.411325800000000,,0x01,0x20
9.414299200000000,,0x38,0x04
9.417272799999999,,0x80,0x00
9.420246400000000,,0xE5,0x8D
9.456440400000000,,0xB0,0x0B
9.458902200000001,,0x00,0x00
9.461875600000001,,0x20,0x02
9.464848999999999,,0x8E,0x00
9.467822600000000,,0x01,0x07
9.470796000000000,,0x01,0x20
9.473769600000001,,0x38,0x04
9.476743000000001,,0x80,0x00
9.479716600000000,,0x6D,0x8D
9.516081800000000,,0xB0,0x0B
9.518372599999999,,0x00,0x00
9.521345999999999,,0x20,0x02
9.524319600000000,,0x06,0x00
9.527293000000000,,0x01,0x07
9.530266400000000,,0x01,0x20
9.533240200000000,,0x38,0x04
9.536213600000000,,0x80,0x00
9.539187200000001,,0xE5,0x8D
9.575306400000001,,0xB0,0x0B
9.577843400000001,,0x00,0x00
9.580817000000000,,0x20,0x02
9.583790600000000,,0x8E,0x00
9.586764199999999,,0x01,0x07
9.589737599999999,,0x01,0x20
9.592711200000000,,0x39,0x04
9.595684800000001,,0x80,0x00
9.598658199999999,,0x6E,0x8D
9.634934599999999,,0xB0,0x0B
9.637314200000000,,0x00,0x00
9.640287799999999,,0x20,0x02
9.643261200000000,,0x06,0x00
9.646234800000000,,0x01,0x07
9.649208200000000,,0x01,0x20
9.652181799999999,,0x39,0x04
9.655155199999999,,0x80,0x00
9.658128600000000,,0xE6,0x8D
9.694546799999999,,0xB0,0x0B
9.696784200000000,,0x00,0x00
9.699757800000000,,0x20,0x02
9.702731200000001,,0x8E,0x00
9.705704799999999,,0x01,0x07
9.708678400000000,,0x01,0x20
9.711652000000001,,0x39,0x04
9.714625600000000,,0x80,0x00
9.717599200000000,,0x6E,0x8D
9.753667000000000,,0xB0,0x0B
9.756254400000000,,0x00,0x00
9.759227800000000,,0x20,0x02
9.762201200000000,,0x06,0x00
9.765174800000000,,0x01,0x07
9.768148200000001,,0x01,0x20
9.771121800000000,,0x39,0x04
9.774095200000000,,0x80,0x00
9.777068800000000,,0xE6,0x8D
9.813301600000001,,0xB0,0x0B
9.815724400000001,,0x00,0x00
9.818697800000001,,0x20,0x02
9.821671200000001,,0x8E,0x00
9.824644599999999,,0x01,0x07
9.827617999999999,,0x01,0x20
9.830591600000000,,0x39,0x04
9.833565000000000,,0x80,0x00
9.836538600000001,,0x6E,0x8D
9.872913600000000,,0xB0,0x0B
9.875194000000000,,0x00,0x00
9.878167400000001,,0x20,0x02
9.881141000000000,,0x06,0x00
9.884114600000000,,0x01,0x07
9.887088200000001,,0x01,0x20
9.890061800000000,,0x39,0x04
9.893035400000000,,0x80,0x00
9.896008999999999,,0xE6,0x8D
9.932035800000000,,0xB0,0x0B
9.934665000000001,,0x00,0x00
9.937638400000001,,0x20,0x02
9.940612000000000,,0x8E,0x00
9.943585600000000,,0x01,0x07
9.946559199999999,,0x01,0x20
9.949533000000001,,0x39,0x04
9.952506600000000,,0x80,0x00
9.955480200000000,,0x6E,0x8D
9.991648200000000,,0xB0,0x0B
9.994135399999999,,0x00,0x00
9.997108799999999,,0x20,0x02
10.000082200000000,,0x06,0x00
10.003055800000000,,0x01,0x07
10.006029200000000,,0x01,0x20
10.009002799999999,,0x39,0x04
10.011976199999999,,0x80,0x00
10.014949600000000,,0xE6,0x8D
10.051273399999999,,0xB0,0x0B
10.053605200000000,,0x00,0x00
10.056578600000000,,0x20,0x02
10.059552000000000,,0x8E,0x00
10.062525400000000,,0x01,0x07
10.065499000000001,,0x01,0x20
10.068472600000000,,0x39,0x04
10.071446200000000,,0x80,0x00
10.074419799999999,,0x6E,0x8D
10.110903000000000,,0xB0,0x0B
10.113076200000000,,0x00,0x00
10.116049600000000,,0x20,0x02
10.119023200000001,,0x06,0x00
10.121996800000000,,0x01,0x07
10.124970200000000,,0x01,0x20
10.127943800000001,,0x39,0x04
10.130917400000000,,0x80,0x00
10.133890800000000,,0xE6,0x8D
10.170010000000000,,0xB0,0x0B
10.172546799999999,,0x00,0x00
10.175520199999999,,0x20,0x02
10.178493800000000,,0x8E,0x00
10.181467400000001,,0x01,0x07
10.184440800000001,,0x01,0x20
10.187414400000000,,0x39,0x04
10.190388000000000,,0x80,0x00
10.193361599999999,,0x6E,0x8D
10.229637600000000,,0xB0,0x0B
10.232017200000000,,0x00,0x00
10.234990600000000,,0x20,0x02
10.237964000000000,,0x06,0x00
10.240937600000001,,0x01,0x07
10.243910800000000,,0x01,0x20
10.246884400000001,,0x39,0x04
10.249857799999999,,0x80,0x00
10.252831199999999,,0xE6,0x8D
10.289248000000001,,0xB0,0x0B
10.291485399999999,,0x00,0x00
10.294459000000000,,0x20,0x02
10.297432400000000,,0x8E,0x00
10.300406000000001,,0x01,0x07
10.303379400000001,,0x01,0x20
10.306353000000000,,0x39,0x04
10.309326400000000,,0x80,0x00
10.312300000000000,,0x6E,0x8D
10.348367200000000,,0xB0,0x0B
10.350954400000001,,0x00,0x00
10.353927799999999,,0x20,0x02
10.356901400000000,,0x06,0x00
10.359875000000001,,0x01,0x07
10.362848600000000,,0x01,0x20
10.365822200000000,,0x39,0x04
10.368795799999999,,0x80,0x00
10.371769199999999,,0xE6,0x8D
10.407994600000000,,0xB0,0x0B
10.410424400000000,,0x00,0x00
10.413397800000000,,0x20,0x02
10.416371399999999,,0x8E,0x00
10.419344799999999,,0x01,0x07
10.422318400000000,,0x01,0x20
10.425292000000001,,0x39,0x04
10.428265400000001,,0x80,0x00
10.431239000000000,,0x6E,0x8D
10.467604200000000,,0xB0,0x0B
10.469894200000001,,0x00,0x00
10.472867600000001,,0x20,0x02
10.475841000000001,,0x06,0x00
10.478814600000000,,0x01,0x07
10.481788000000000,,0x01,0x20
10.484761400000000,,0x39,0x04
10.487734800000000,,0x80,0x00
10.490708400000001,,0xE6,0x8D
10.526854800000001,,0xB0,0x0B
10.529361800000000,,0x00,0x00
10.532335399999999,,0x20,0x02
10.535308799999999,,0x8E,0x00
10.538282400000000,,0x01,0x07
10.541255800000000,,0x01,0x20
10.544229400000001,,0x3A,0x04
10.547203000000000,,0x80,0x00
10.550176600000000,,0x6F,0x8D
10.586466000000000,,0xB0,0x0B
10.588832000000000,,0x00,0x00
10.591805600000001,,0x20,0x02
10.594779000000001,,0x06,0x00
10.597752399999999,,0x01,0x07
10.600725799999999,,0x01,0x20
10.603699199999999,,0x3A,0x04
10.606672800000000,,0x80,0x00
10.609646200000000,,0xE7,0x8D
10.646094400000001,,0xB0,0x0B
10.648300600000001,,0x00,0x00
10.651274000000001,,0x20,0x02
10.654247600000000,,0x8E,0x00
10.657221200000000,,0x01,0x07
10.660194600000001,,0x01,0x20
10.663168000000001,,0x3A,0x04
10.666141200000000,,0x80,0x00
10.669114600000000,,0x6F,0x8D
10.705213600000000,,0xB0,0x0B
10.707769400000000,,0x00,0x00
10.710743000000001,,0x20,0x02
10.713716200000000,,0x06,0x00
10.716689600000000,,0x01,0x07
10.719663000000001,,0x01,0x20
10.722636400000001,,0x3A,0x04
10.725609800000001,,0x80,0x00
10.728583400000000,,0xE7,0x8D
10.764825600000000,,0xB0,0x0B
10.767239600000000,,0x00,0x00
10.770213200000001,,0x20,0x02
10.773186800000000,,0x8E,0x00
10.776160200000000,,0x01,0x07
10.779133800000000,,0x01,0x20
10.782107200000000,,0x3A,0x04
10.785080799999999,,0x80,0x00
10.788054199999999,,0x6F,0x8D
10.824461400000001,,0xB0,0x0B
10.826708800000000,,0x00,0x00
10.829682399999999,,0x20,0x02
10.832655800000000,,0x06,0x00
10.835629200000000,,0x01,0x07
10.838602600000000,,0x01,0x20
10.841576000000000,,0x3A,0x04
10.844549600000001,,0x80,0x00
10.847523000000001,,0xE7,0x8D
10.883563000000001,,0xB0,0x0B
10.886176600000001,,0x00,0x00
10.889150000000001,,0x20,0x02
10.892123399999999,,0x8E,0x00
10.895097000000000,,0x01,0x07
10.898070199999999,,0x01,0x20
10.901043600000000,,0x3A,0x04
10.904017200000000,,0x80,0x00
10.906990800000001,,0x6F,0x8D
10.943190599999999,,0xB0,0x0B
10.945646399999999,,0x00,0x00
10.948620200000001,,0x20,0x02
10.951593600000001,,0x06,0x00
10.954567200000000,,0x01,0x07
10.957540800000000,,0x01,0x20
10.960514200000000,,0x3A,0x04
10.963487799999999,,0x80,0x00
10.966461400000000,,0xE7,0x8D
11.002818400000001,,0xB0,0x0B
11.005116599999999,,0x00,0x00
11.008090200000000,,0x20,0x02
11.011063800000001,,0x8E,0x00
11.014037200000001,,0x01,0x07
11.017010800000000,,0x01,0x20
11.019984200000000,,0x3A,0x04
11.022957600000000,,0x80,0x00
11.025931000000000,,0x6F,0x8D
11.062431000000000,,0xB0,0x0B
11.064586200000001,,0x00,0x00
11.067559599999999,,0x20,0x02
11.070532999999999,,0x06,0x00
11.073506399999999,,0x01,0x07
11.076479600000001,,0x01,0x20
11.079453000000001,,0x3A,0x04
11.082426399999999,,0x80,0x00
11.085399799999999,,0xE7,0x8D
11.121549000000000,,0xB0,0x0B
11.124055000000000,,0x00,0x00
11.127028599999999,,0x20,0x02
11.130001999999999,,0x8E,0x00
11.132975399999999,,0x01,0x07
11.135948800000000,,0x01,0x20
11.138922200000000,,0x3A,0x04
11.141895800000000,,0x80,0x00
11.144869399999999,,0x6F,0x8D
11.181160600000000,,0xB0,0x0B
11.183524000000000,,0x00,0x00
11.186497400000000,,0x20,0x02
11.189470800000000,,0x06,0x00
11.192444000000000,,0x01,0x07
11.195417200000000,,0x01,0x20
11.198390399999999,,0x3A,0x04
11.201363799999999,,0x80,0x00
11.204337199999999,,0xE7,0x8D
11.240785000000001,,0xB0,0x0B
11.242991000000000,,0x00,0x00
11.245964400000000,,0x20,0x02
11.248937800000000,,0x8E,0x00
11.251911200000000,,0x01,0x07
11.254884600000000,,0x01,0x20
11.257858000000001,,0x3A,0x04
11.260831599999999,,0x80,0x00
11.263805200000000,,0x6F,0x8D
11.299904000000000,,0xB0,0x0B
11.302460000000000,,0x00,0x00
11.305433600000001,,0x20,0x02
11.308407000000001,,0x06,0x00
11.311380600000000,,0x01,0x07
11.314354000000000,,0x01,0x20
11.317327400000000,,0x3A,0x04
11.320301000000001,,0x80,0x00
11.323274600000000,,0xE7,0x8D
11.359515999999999,,0xB0,0x0B
11.361929800000000,,0x00,0x00
11.364903399999999,,0x20,0x02
11.367876799999999,,0x8E,0x00
11.370850400000000,,0x01,0x07
11.373823800000000,,0x01,0x20
11.376797399999999,,0x3A,0x04
11.379771000000000,,0x80,0x00
11.382744400000000,,0x6F,0x8D
11.419145800000001,,0xB0,0x0B
11.421399800000000,,0x00,0x00
11.424373200000000,,0x20,0x02
11.427346800000000,,0x06,0x00
11.430320399999999,,0x01,0x07
11.433293800000000,,0x01,0x20
11.436267200000000,,0x3A,0x04
11.439241000000001,,0x80,0x00
11.442214399999999,,0xE7,0x8D
11.478253199999999,,0xB0,0x0B
11.480871000000000,,0x00,0x00
11.483844599999999,,0x20,0x02
11.486818000000000,,0x8E,0x00
11.489791600000000,,0x01,0x07
11.492765000000000,,0x01,0x20
11.495738599999999,,0x3A,0x04
11.498712200000000,,0x80,0x00
11.501685600000000,,0x6F,0x8D
11.538023000000001,,0xB0,0x0B
11.540340600000000,,0x00,0x00
11.543314199999999,,0x20,0x02
11.546287599999999,,0x06,0x00
11.549261000000000,,0x01,0x07
11.552234600000000,,0x01,0x20
11.555208000000000,,0x3B,0x04
11.558181400000000,,0x80,0x00
11.561154999999999,,0xE8,0x8D
11.597189600000000,,0xB0,0x0B
11.599810200000000,,0x00,0x00
11.602783600000000,,0x21,0x02
11.605757199999999,,0x8E,0x00
11.608730599999999,,0x01,0x07
11.611704000000000,,0x01,0x20
11.614677600000000,,0x3B,0x04
11.617651000000000,,0x81,0x00
11.620624400000001,,0x72,0x8D
11.656860000000000,,0xB0,0x0B
11.659280000000001,,0x00,0x00
11.662253400000001,,0x21,0x02
11.665227000000000,,0x06,0x00
11.668200600000000,,0x01,0x07
11.671174199999999,,0x01,0x20
11.674147800000000,,0x3B,0x04
11.677121400000001,,0x81,0x00
11.680095000000000,,0xEA,0x8D
11.716544600000001,,0xB0,0x0B
11.718750800000000,,0x00,0x00
11.721724399999999,,0x21,0x02
11.724697800000000,,0x8E,0x00
11.727671200000000,,0x01,0x07
11.730644600000000,,0x01,0x20
11.733618200000000,,0x3B,0x04
11.736591799999999,,0x81,0x00
11.739565400000000,,0x72,0x8D
11.775708200000000,,0xB0,0x0B
11.778221800000001,,0x00,0x00
11.781195400000000,,0x21,0x02
11.784169000000000,,0x06,0x00
11.787142400000000,,0x01,0x07
11.790115999999999,,0x01,0x20
11.793089600000000,,0x3B,0x04
11.796063000000000,,0x81,0x00
11.799036400000000,,0xEA,0x8D
11.835401800000000,,0xB0,0x0B
11.837692199999999,,0x00,0x00
11.840665599999999,,0x21,0x02
11.843639000000000,,0x8E,0x00
11.846612600000000,,0x01,0x07
11.849586000000000,,0x01,0x20
11.852559400000001,,0x3B,0x04
11.855532999999999,,0x81,0x00
11.858506400000000,,0x72,0x8D
11.894579999999999,,0xB0,0x0B
11.897162200000000,,0x00,0x00
11.900135799999999,,0x21,0x02
11.903109199999999,,0x06,0x00
11.906082800000000,,0x01,0x07
11.909056400000001,,0x01,0x20
11.912030000000000,,0x3B,0x04
11.915003600000000,,0x81,0x00
11.917977199999999,,0xEA,0x8D
11.954249400000000,,0xB0,0x0B
11.956632800000000,,0x00,0x00
11.959606400000000,,0x21,0x02
11.962579800000000,,0x8E,0x00
11.965553200000000,,0x01,0x07
11.968526799999999,,0x01,0x20
11.971500199999999,,0x3B,0x04
11.974473800000000,,0x81,0x00
11.977447200000000,,0x72,0x8D
12.013933600000000,,0xB0,0x0B
12.016102399999999,,0x00,0x00
12.019075800000000,,0x21,0x02
12.022049200000000,,0x06,0x00
12.025022800000000,,0x01,0x07
12.027996399999999,,0x01,0x20
12.030970000000000,,0x3B,0x04
12.033943600000001,,0x81,0x00
12.036917200000000,,0xEA,0x8D
12.073097199999999,,0xB0,0x0B
12.075572200000000,,0x00,0x00
12.078545600000000,,0x21,0x02
12.081519200000001,,0x8E,0x00
12.084492600000001,,0x01,0x07
12.087466200000000,,0x01,0x20
12.090439800000000,,0x3B,0x04
12.093413399999999,,0x81,0x00
12.096386799999999,,0x72,0x8D
12.132782799999999,,0xB0,0x0B
12.135042800000001,,0x00,0x00
12.138016199999999,,0x21,0x02
12.140990000000000,,0x06,0x00
12.143963599999999,,0x01,0x07
12.146937200000000,,0x01,0x20
12.149910800000001,,0x3B,0x04
12.152884200000001,,0x81,0x00
12.155857800000000,,0xEA,0x8D
12.191959600000001,,0xB0,0x0B
12.194513600000001,,0x00,0x00
12.197487000000001,,0x21,0x02
12.200460600000000,,0x8E,0x00
12.203434000000000,,0x01,0x07
12.206407600000000,,0x01,0x20
12.209381000000000,,0x3B,0x04
12.212354599999999,,0x81,0x00
12.215328000000000,,0x72,0x8D
12.251636200000000,,0xB0,0x0B
12.253982799999999,,0x00,0x00
12.256956199999999,,0x21,0x02
12.259929600000000,,0x06,0x00
12.262903200000000,,0x01,0x07
12.265876600000000,,0x01,0x20
12.268850000000000,,0x3B,0x04
12.271823800000000,,0x81,0x00
12.274797400000001,,0xEA,0x8D
12.310813200000000,,0xB0,0x0B
12.313453400000000,,0x00,0x00
12.316426800000000,,0x20,0x02
12.319400399999999,,0x8E,0x00
12.322373799999999,,0x01,0x07
12.325347400000000,,0x01,0x20
12.328320800000000,,0x3B,0x04
12.331294400000001,,0x80,0x00
12.334268000000000,,0x70,0x8D
12.370422400000001,,0xB0,0x0B
12.372922400000000,,0x00,0x00
12.375895999999999,,0x20,0x02
12.378869399999999,,0x06,0x00
12.381843000000000,,0x01,0x07
12.384816400000000,,0x01,0x20
12.387789800000000,,0x3B,0x04
12.390763400000001,,0x80,0x00
12.393736799999999,,0xE8,0x8D
12.430050200000000,,0xB0,0x0B
12.432392800000001,,0x00,0x00
12.435366200000001,,0x20,0x02
12.438339400000000,,0x8E,0x00
12.441312800000000,,0x01,0x07
12.444286000000000,,0x01,0x20
12.447259400000000,,0x3B,0x04
12.450232800000000,,0x80,0x00
12.453206200000000,,0x70,0x8D
12.489687999999999,,0xB0,0x0B
12.491860800000000,,0x00,0x00
12.494834200000000,,0x20,0x02
12.497807399999999,,0x06,0x00
12.500780799999999,,0x01,0x07
12.503754000000001,,0x01,0x20
12.506727400000001,,0x3B,0x04
12.509701000000000,,0x80,0x00
12.512674600000000,,0xE8,0x8D
12.548910400000000,,0xB0,0x0B
12.551328800000000,,0x00,0x00
12.554302200000000,,0x20,0x02
12.557275600000001,,0x8E,0x00
12.560249000000001,,0x01,0x07
12.563222400000001,,0x02,0x20
12.566195799999999,,0x00,0x04
12.569169199999999,,0x80,0x00
12.572142599999999,,0x36,0x8D
12.608536200000000,,0xB0,0x0B
12.610796400000000,,0x00,0x00
12.613769800000000,,0x20,0x02
12.616743400000001,,0x06,0x00
12.619716800000001,,0x01,0x07
12.622690400000000,,0x02,0x20
12.625664000000000,,0x00,0x04
12.628637400000001,,0x80,0x00
12.631610800000001,,0xAE,0x8D
12.667638999999999,,0xB0,0x0B
12.670266399999999,,0x00,0x00
12.673239799999999,,0x20,0x02
12.676213400000000,,0x8E,0x00
12.679186800000000,,0x01,0x07
12.682160200000000,,0x02,0x20
12.685134000000000,,0x00,0x04
12.688107600000000,,0x80,0x00
12.691081199999999,,0x36,0x8D
12.727267200000000,,0xB0,0x0B
12.729736400000000,,0x00,0x00
12.732710000000001,,0x20,0x02
12.735683600000000,,0x06,0x00
12.738657000000000,,0x01,0x07
12.741630600000001,,0x02,0x20
12.744604199999999,,0x00,0x04
12.747577600000000,,0x80,0x00
12.750551200000000,,0xAE,0x8D
12.786900599999999,,0xB0,0x0B
12.789205200000000,,0x00,0x00
12.792178600000000,,0x20,0x02
12.795152000000000,,0x8E,0x00
12.798125400000000,,0x01,0x07
12.801098800000000,,0x02,0x20
12.804072400000001,,0x00,0x04
12.807045799999999,,0x80,0x00
12.810019400000000,,0x36,0x8D
12.846512000000001,,0xB0,0x0B
12.848674200000000,,0x00,0x00
12.851647600000000,,0x20,0x02
12.854621200000000,,0x06,0x00
12.857594600000001,,0x01,0x07
12.860568000000001,,0x02,0x20
12.863541400000001,,0x00,0x04
12.866514799999999,,0x80,0x00
12.869488199999999,,0xAE,0x8D
12.905633399999999,,0xB0,0x0B
12.908143400000000,,0x00,0x00
12.911117000000001,,0x20,0x02
12.914090399999999,,0x8E,0x00
12.917064000000000,,0x01,0x07
12.920037400000000,,0x02,0x20
12.923011000000001,,0x00,0x04
12.925984600000000,,0x80,0x00
12.928958000000000,,0x36,0x8D
12.965242999999999,,0xB0,0x0B
12.967613399999999,,0x00,0x00
12.970587000000000,,0x20,0x02
12.973560400000000,,0x06,0x00
12.976533800000000,,0x01,0x07
12.979507200000000,,0x02,0x20
12.982480799999999,,0x00,0x04
12.985454200000000,,0x80,0x00
12.988427800000000,,0xAE,0x8D
13.024866800000000,,0xB0,0x0B
13.027082600000000,,0x00,0x00
13.030056000000000,,0x20,0x02
13.033029400000000,,0x8E,0x00
13.036002800000000,,0x01,0x07
13.038976200000000,,0x02,0x20
13.041949600000001,,0x00,0x04
13.044923000000001,,0x80,0x00
13.047896400000001,,0x36,0x8D
13.083984800000000,,0xB0,0x0B
13.086550600000001,,0x00,0x00
13.089524000000001,,0x20,0x02
13.092497399999999,,0x06,0x00
13.095471000000000,,0x01,0x07
13.098444400000000,,0x02,0x20
13.101417800000000,,0x00,0x04
13.104391200000000,,0x80,0x00
13.107364600000000,,0xAE,0x8D
13.143596199999999,,0xB0,0x0B
13.146020000000000,,0x00,0x00
13.148993600000001,,0x20,0x02
13.151967200000000,,0x8E,0x00
13.154940800000000,,0x01,0x07
13.157914200000000,,0x02,0x20
13.160887799999999,,0x00,0x04
13.163861400000000,,0x80,0x00
13.166835000000001,,0x36,0x8D
13.203225800000000,,0xB0,0x0B
13.205491200000001,,0x00,0x00
13.208464800000000,,0x20,0x02
13.211438400000000,,0x06,0x00
13.214411999999999,,0x01,0x07
13.217385600000000,,0x02,0x20
13.220359200000001,,0x00,0x04
13.223332800000000,,0x80,0x00
13.226306400000000,,0xAE,0x8D
13.262331000000000,,0xB0,0x0B
13.264963200000000,,0x00,0x00
13.267936600000001,,0x20,0x02
13.270910199999999,,0x8E,0x00
13.273883600000000,,0x01,0x07
13.276857000000000,,0x02,0x20
13.279830600000000,,0x00,0x04
13.282804199999999,,0x80,0x00
13.285777800000000,,0x36,0x8D
13.321959800000000,,0xB0,0x0B
13.324434600000000,,0x00,0x00
13.327408200000001,,0x20,0x02
13.330381800000000,,0x06,0x00
13.333355400000000,,0x01,0x07
13.336328999999999,,0x02,0x20
13.339302800000000,,0x00,0x04
13.342276399999999,,0x80,0x00
13.345250000000000,,0xAE,0x8D
13.381589600000000,,0xB0,0x0B
13.383906400000001,,0x00,0x00
13.386880200000000,,0x20,0x02
13.389853799999999,,0x8E,0x00
13.392827400000000,,0x01,0x07
13.395801000000001,,0x02,0x20
13.398774800000000,,0x00,0x04
13.401748400000001,,0x80,0x00
13.404722000000000,,0x36,0x8D
13.441204600000001,,0xB0,0x0B
13.443379999999999,,0x00,0x00
13.446353800000001,,0x20,0x02
13.449327400000000,,0x06,0x00
13.452301400000000,,0x01,0x07
13.455275000000000,,0x02,0x20
13.458248599999999,,0x00,0x04
13.461222400000000,,0x80,0x00
13.464195999999999,,0xAE,0x8D
13.500457200000000,,0xB0,0x0B
13.502853000000000,,0x00,0x00
13.505826600000001,,0x20,0x02
13.508800200000000,,0x8E,0x00
13.511773600000000,,0x01,0x07
13.514747200000000,,0x02,0x20
13.517720799999999,,0x01,0x04
13.520694199999999,,0x80,0x00
13.523667800000000,,0x37,0x8D
13.560067600000000,,0xB0,0x0B
13.562322399999999,,0x00,0x00
13.565295799999999,,0x20,0x02
13.568269200000000,,0x06,0x00
13.571242600000000,,0x01,0x07
13.574216000000000,,0x02,0x20
13.577189400000000,,0x01,0x04
13.580162800000000,,0x80,0x00
13.583136200000000,,0xAF,0x8D
13.619187999999999,,0xB0,0x0B
13.621791399999999,,0x00,0x00
13.624765000000000,,0x20,0x02
13.627738600000001,,0x8E,0x00
13.630712400000000,,0x01,0x07
13.633685800000000,,0x02,0x20
13.636659399999999,,0x01,0x04
13.639633000000000,,0x80,0x00
13.642606799999999,,0x37,0x8D
13.678818600000000,,0xB0,0x0B
13.681264000000001,,0x00,0x00
13.684237599999999,,0x20,0x02
13.687211000000000,,0x06,0x00
13.690184600000000,,0x01,0x07
13.693158199999999,,0x02,0x20
13.696131599999999,,0x01,0x04
13.699104999999999,,0x80,0x00
13.702078600000000,,0xAF,0x8D
13.738428000000001,,0xB0,0x0B
13.740732400000001,,0x00,0x00
13.743705800000001,,0x20,0x02
13.746679200000001,,0x8E,0x00
13.749652400000000,,0x01,0x07
13.752625600000000,,0x02,0x20
13.755599000000000,,0x01,0x04
13.758572400000000,,0x80,0x00
13.761545800000000,,0x37,0x8D
13.798060400000001,,0xB0,0x0B
13.800200800000001,,0x00,0x00
13.803174200000001,,0x20,0x02
13.806147800000000,,0x06,0x00
13.809121200000000,,0x01,0x07
13.812094800000001,,0x02,0x20
13.815068399999999,,0x01,0x04
13.818041800000000,,0x80,0x00
13.821015200000000,,0xAF,0x8D
13.857165200000001,,0xB0,0x0B
13.859670800000000,,0x00,0x00
13.862644400000001,,0x20,0x02
13.865618000000000,,0x8E,0x00
13.868591400000000,,0x01,0x07
13.871565000000000,,0x02,0x20
13.874538599999999,,0x01,0x04
13.877511999999999,,0x80,0x00
13.880485600000000,,0x37,0x8D
13.916793000000000,,0xB0,0x0B
13.919140600000000,,0x00,0x00
13.922114000000001,,0x20,0x02
13.925087400000001,,0x06,0x00
13.928060800000001,,0x01,0x07
13.931034000000000,,0x02,0x20
13.934007400000000,,0x01,0x04
13.936980800000001,,0x80,0x00
13.939954200000001,,0xAF,0x8D
13.976416800000001,,0xB0,0x0B
13.978608200000000,,0x00,0x00
13.981581600000000,,0x20,0x02
13.984554800000000,,0x8E,0x00
13.987528200000000,,0x01,0x07
13.990501600000000,,0x02,0x20
13.993475000000000,,0x01,0x04
13.996448400000000,,0x80,0x00
13.999421800000000,,0x37,0x8D
14.035520999999999,,0xB0,0x0B
14.038075800000000,,0x00,0x00
14.041049200000000,,0x20,0x02
14.044022600000000,,0x06,0x00
14.046996000000000,,0x01,0x07
14.049969400000000,,0x02,0x20
14.052942800000000,,0x01,0x04
14.055916000000000,,0x80,0x00
14.058889400000000,,0xAF,0x8D
14.095146200000000,,0xB0,0x0B
14.097544800000000,,0x00,0x00
14.100518200000000,,0x20,0x02
14.103491800000000,,0x8E,0x00
14.106465399999999,,0x01,0x07
14.109438800000000,,0x02,0x20
14.112412400000000,,0x01,0x04
14.115385800000000,,0x80,0x00
14.118359399999999,,0x37,0x8D
14.154766600000000,,0xB0,0x0B
14.157015599999999,,0x00,0x00
14.159989200000000,,0x20,0x02
14.162963000000000,,0x06,0x00
14.165936400000000,,0x01,0x07
14.168910000000000,,0x02,0x20
14.171883400000000,,0x01,0x04
14.174856999999999,,0x80,0x00
14.177830399999999,,0xAF,0x8D
14.213924000000000,,0xB0,0x0B
14.216485000000000,,0x00,0x00
14.219458599999999,,0x30,0x02
14.222432000000000,,0x8E,0x00
14.225405400000000,,0x01,0x07
14.228378800000000,,0x02,0x20
14.231352200000000,,0x01,0x04
14.234325600000000,,0x81,0x00
14.237299000000000,,0x48,0x8D
14.273607000000000,,0xB0,0x0B
14.275952999999999,,0x00,0x00
14.278926200000001,,0x30,0x02
14.281899400000000,,0x06,0x00
14.284872800000000,,0x01,0x07
14.287846200000001,,0x02,0x20
14.290819600000001,,0x01,0x04
14.293793000000001,,0x81,0x00
14.296766399999999,,0xC0,0x8D
14.333272200000000,,0xB0,0x0B
14.335420600000001,,0x00,0x00
14.338393999999999,,0x30,0x02
14.341367399999999,,0x8E,0x00
14.344340799999999,,0x01,0x07
14.347314400000000,,0x02,0x20
14.350287800000000,,0x01,0x04
14.353261200000000,,0x81,0x00
14.356234400000000,,0x48,0x8D
14.392449800000000,,0xB0,0x0B
14.394889200000000,,0x00,0x00
14.397862600000000,,0x30,0x02
14.400836200000001,,0x06,0x00
14.403809799999999,,0x01,0x07
14.406783200000000,,0x02,0x20
14.409756800000000,,0x01,0x04
14.412730399999999,,0x81,0x00
14.415703799999999,,0xC0,0x8D
14.452116400000000,,0xB0,0x0B
14.454358400000000,,0x00,0x00
14.457331800000000,,0x30,0x02
14.460305399999999,,0x8E,0x00
14.463278799999999,,0x01,0x07
14.466252200000000,,0x02,0x20
14.469225800000000,,0x01,0x04
14.472199200000000,,0x81,0x00
14.475172600000001,,0x48,0x8D
14.511421400000000,,0xB0,0x0B
14.513827600000001,,0x00,0x00
14.516801200000000,,0x30,0x02
14.519774600000000,,0x06,0x00
14.522748000000000,,0x01,0x07
14.525721400000000,,0x02,0x20
14.528694800000000,,0x02,0x04
14.531668200000000,,0x81,0x00
14.534641799999999,,0xC1,0x8D
14.571104000000000,,0xB0,0x0B
14.573297000000000,,0x00,0x00
14.576270600000001,,0x30,0x02
14.579243999999999,,0x8E,0x00
14.582217399999999,,0x01,0x07
14.585191000000000,,0x02,0x20
14.588164400000000,,0x02,0x04
14.591137800000000,,0x81,0x00
14.594111200000000,,0x49,0x8D
14.630265200000000,,0xB0,0x0B
14.632766400000000,,0x00,0x00
14.635740000000000,,0x30,0x02
14.638713400000000,,0x06,0x00
14.641686999999999,,0x01,0x07
14.644660600000000,,0x02,0x20
14.647634000000000,,0x02,0x04
14.650607600000001,,0x81,0x00
14.653581200000000,,0xC1,0x8D
14.689950000000000,,0xB0,0x0B
14.692237600000000,,0x00,0x00
14.695211199999999,,0x30,0x02
14.698185000000000,,0x8E,0x00
14.701158599999999,,0x01,0x07
14.704132000000000,,0x02,0x20
14.707105800000001,,0x02,0x04
14.710079400000000,,0x81,0x00
14.713053000000000,,0x49,0x8D
14.749114799999999,,0xB0,0x0B
14.751709200000001,,0x00,0x00
14.754682799999999,,0x30,0x02
14.757656200000000,,0x06,0x00
14.760629800000000,,0x01,0x07
14.763603399999999,,0x02,0x20
14.766577000000000,,0x02,0x04
14.769550799999999,,0x81,0x00
14.772524400000000,,0xC1,0x8D
14.808809999999999,,0xB0,0x0B
14.811180999999999,,0x00,0x00
14.814154600000000,,0x30,0x02
14.817128400000000,,0x8E,0x00
14.820101800000000,,0x01,0x07
14.823075599999999,,0x02,0x20
14.826049400000000,,0x02,0x04
14.829022999999999,,0x81,0x00
14.831996600000000,,0x49,0x8D
14.868496400000000,,0xB0,0x0B
14.870653200000000,,0x00,0x00
14.873626800000000,,0x30,0x02
14.876600399999999,,0x06,0x00
14.879574000000000,,0x01,0x07
14.882547600000001,,0x02,0x20
14.885521199999999,,0x02,0x04
14.888494800000000,,0x81,0x00
14.891468400000001,,0xC1,0x8D
14.927661000000001,,0xB0,0x0B
14.930125200000001,,0x00,0x00
14.933099000000000,,0x30,0x02
14.936072599999999,,0x8E,0x00
14.939046200000000,,0x01,0x07
14.942019800000001,,0x02,0x20
14.944993600000000,,0x02,0x04
14.947967000000000,,0x81,0x00
14.950940400000000,,0x49,0x8D
14.987345800000000,,0xB0,0x0B
14.989595800000000,,0x00,0x00
14.992569400000001,,0x30,0x02
14.995543000000000,,0x06,0x00
14.998516600000000,,0x01,0x07
15.001490000000000,,0x02,0x20
15.004463599999999,,0x02,0x04
15.007437200000000,,0x81,0x00
15.010410800000001,,0xC1,0x8D
15.046520599999999,,0xB0,0x0B
15.049067000000001,,0x00,0x00
15.052040800000000,,0x30,0x02
15.055014399999999,,0x8E,0x00
15.057987799999999,,0x01,0x07
15.060961400000000,,0x02,0x20
15.063935000000001,,0x02,0x04
15.066908600000000,,0x81,0x00
15.069882000000000,,0x49,0x8D
15.106194400000000,,0xB0,0x0B
15.108537999999999,,0x00,0x00
15.111511600000000,,0x20,0x02
15.114485200000001,,0x06,0x00
15.117459000000000,,0x01,0x07
15.120432400000000,,0x02,0x20
15.123406200000000,,0x02,0x04
15.126379800000000,,0x80,0x00
15.129353399999999,,0xB0,0x8D
15.165824400000000,,0xB0,0x0B
15.168010199999999,,0x00,0x00
15.170983800000000,,0x20,0x02
15.173957400000001,,0x8E,0x00
15.176930799999999,,0x01,0x07
15.179904400000000,,0x02,0x20
15.182877800000000,,0x02,0x04
15.185851400000001,,0x80,0x00
15.188824800000001,,0x38,0x8D
15.224931399999999,,0xB0,0x0B
15.227482200000001,,0x00,0x00
15.230455600000001,,0x20,0x02
15.233429200000000,,0x06,0x00
15.236402999999999,,0x01,0x07
15.239376600000000,,0x02,0x20
15.242350200000001,,0x02,0x04
15.245324000000000,,0x80,0x00
15.248297600000001,,0xB0,0x8D
15.284560600000001,,0xB0,0x0B
15.286953400000000,,0x00,0x00
15.289927000000000,,0x20,0x02
15.292900400000001,,0x8E,0x00
15.295873800000001,,0x01,0x07
15.298847200000001,,0x02,0x20
15.301820599999999,,0x02,0x04
15.304794200000000,,0x80,0x00
15.307767800000001,,0x38,0x8D
15.344173400000001,,0xB0,0x0B
15.346423800000000,,0x00,0x00
15.349397200000000,,0x20,0x02
15.352370600000000,,0x06,0x00
15.355344000000001,,0x01,0x07
15.358317400000001,,0x02,0x20
15.361291000000000,,0x02,0x04
15.364264400000000,,0x80,0x00
15.367237800000000,,0xB0,0x8D
15.403294000000001,,0xB0,0x0B
15.405893799999999,,0x00,0x00
15.408867400000000,,0x20,0x02
15.411841000000001,,0x8E,0x00
15.414814600000000,,0x01,0x07
15.417788000000000,,0x02,0x20
15.420761600000001,,0x02,0x04
15.423735199999999,,0x80,0x00
15.426708600000000,,0x38,0x8D
15.462938400000001,,0xB0,0x0B
15.465364200000000,,0x00,0x00
15.468337600000000,,0x20,0x02
15.471311000000000,,0x06,0x00
15.474284600000001,,0x01,0x07
15.477259999999999,,0x02,0x20
15.480233399999999,,0x02,0x04
15.483207000000000,,0x80,0x00
15.486180600000001,,0xB0,0x8D
15.522411000000000,,0xB0,0x0B
15.524836199999999,,0x00,0x00
15.527809800000000,,0x20,0x02
15.530783200000000,,0x8E,0x00
15.533756800000001,,0x01,0x07
15.536730400000000,,0x02,0x20
15.539703800000000,,0x03,0x04
15.542677400000001,,0x80,0x00
15.545650999999999,,0x39,0x8D
15.582037800000000,,0xB0,0x0B
15.584306200000000,,0x00,0x00
15.587279799999999,,0x20,0x02
15.590253199999999,,0x06,0x00
15.593226800000000,,0x01,0x07
15.596200200000000,,0x02,0x20
15.599173800000001,,0x03,0x04
15.602147400000000,,0x80,0x00
15.605120800000000,,0xB1,0x8D
15.641144000000001,,0xB0,0x0B
15.643776000000001,,0x00,0x00
15.646749399999999,,0x20,0x02
15.649722799999999,,0x8E,0x00
15.652696400000000,,0x01,0x07
15.655670000000001,,0x02,0x20
15.658643600000000,,0x03,0x04
15.661617200000000,,0x80,0x00
15.664591000000000,,0x39,0x8D
15.700772000000001,,0xB0,0x0B
15.703246600000000,,0x00,0x00
15.706220000000000,,0x20,0x02
15.709193400000000,,0x06,0x00
15.712167000000001,,0x01,0x07
15.715140399999999,,0x02,0x20
15.718113600000001,,0x03,0x04
15.721087000000001,,0x80,0x00
15.724060400000001,,0xB1,0x8D
15.760404599999999,,0xB0,0x0B
15.762714200000000,,0x00,0x00
15.765687800000000,,0x20,0x02
15.768661200000000,,0x8E,0x00
15.771634400000000,,0x01,0x07
15.774607800000000,,0x02,0x20
15.777581200000000,,0x03,0x04
15.780554600000000,,0x80,0x00
15.783528000000000,,0x39,0x8D
15.820014199999999,,0xB0,0x0B
15.822183000000001,,0x00,0x00
15.825156399999999,,0x20,0x02
15.828130000000000,,0x06,0x00
15.831103400000000,,0x01,0x07
15.834076800000000,,0x02,0x20
15.837050400000001,,0x03,0x04
15.840023800000001,,0x80,0x00
15.842997400000000,,0xB1,0x8D
15.879135200000000,,0xB0,0x0B
15.881652200000000,,0x00,0x00
15.884625600000000,,0x20,0x02
15.887599000000000,,0x8E,0x00
15.890572400000000,,0x01,0x07
15.893545800000000,,0x02,0x20
15.896519200000000,,0x03,0x04
15.899492600000000,,0x80,0x00
15.902466199999999,,0x39,0x8D
15.938745600000001,,0xB0,0x0B
15.941121000000001,,0x00,0x00
15.944094399999999,,0x20,0x02
15.947068000000000,,0x06,0x00
15.950041199999999,,0x01,0x07
15.953014599999999,,0x02,0x20
15.955988200000000,,0x03,0x04
15.958961600000000,,0x80,0x00
15.961935000000000,,0xB1,0x8D
15.998372200000000,,0xB0,0x0B
16.000589600000001,,0x00,0x00
16.003563199999999,,0x20,0x02
16.006536799999999,,0x8E,0x00
16.009510200000001,,0x01,0x07
16.012483799999998,,0x02,0x20
16.015457399999999,,0x03,0x04
16.018430800000001,,0x80,0x00
16.021404400000002,,0x39,0x8D
16.057494400000000,,0xB0,0x0B
16.060060199999999,,0x00,0x00
16.063033600000001,,0x20,0x02
16.066006999999999,,0x06,0x00
16.068980400000001,,0x01,0x07
16.071953600000001,,0x02,0x20
16.074927200000001,,0x03,0x04
16.077900799999998,,0x80,0x00
16.080874200000000,,0xB1,0x8D
16.117104000000001,,0xB0,0x0B
16.119527600000001,,0x00,0x00
16.122501000000000,,0x20,0x02
16.125474199999999,,0x8E,0x00
16.128447600000001,,0x01,0x07
16.131420800000001,,0x02,0x20
16.134394199999999,,0x03,0x04
16.137367800000000,,0x80,0x00
16.140341200000002,,0x39,0x8D
16.176731600000000,,0xB0,0x0B
16.178995000000000,,0x00,0x00
16.181968399999999,,0x20,0x02
16.184941599999998,,0x06,0x00
16.187915000000000,,0x01,0x07
16.190888200000000,,0x02,0x20
16.193861600000002,,0x03,0x04
16.196834800000001,,0x80,0x00
16.199808200000000,,0xB1,0x8D
16.235834799999999,,0xB0,0x0B
16.238461800000000,,0x00,0x00
16.241435400000000,,0x20,0x02
16.244408799999999,,0x8E,0x00
16.247382200000001,,0x01,0x07
16.250355599999999,,0x02,0x20
16.253329200000000,,0x03,0x04
16.256302600000001,,0x80,0x00
16.259276000000000,,0x39,0x8D
16.295461000000000,,0xB0,0x0B
16.297930000000001,,0x00,0x00
16.300903399999999,,0x20,0x02
16.303876800000001,,0x06,0x00
16.306850200000000,,0x01,0x07
16.309823399999999,,0x02,0x20
16.312796599999999,,0x03,0x04
16.315770000000001,,0x80,0x00
16.318743399999999,,0xB1,0x8D
16.355086000000000,,0xB0,0x0B
16.357397800000001,,0x00,0x00
16.360371199999999,,0x20,0x02
16.363344800000000,,0x8E,0x00
16.366318199999998,,0x01,0x07
16.369291799999999,,0x02,0x20
16.372265200000001,,0x03,0x04
16.375238800000002,,0x80,0x00
16.378212399999999,,0x39,0x8D
16.414698999999999,,0xB0,0x0B
16.416867600000000,,0x00,0x00
16.419840799999999,,0x20,0x02
16.422814400000000,,0x06,0x00
16.425787799999998,,0x01,0x07
16.428761200000000,,0x02,0x20
16.431734800000001,,0x03,0x04
16.434708400000002,,0x80,0x00
16.437681800000000,,0xB1,0x8D
16.473948400000001,,0xB0,0x0B
16.476335800000001,,0x00,0x00
16.479309400000002,,0x20,0x02
16.482282800000000,,0x8E,0x00
16.485256199999998,,0x01,0x07
16.488229600000000,,0x02,0x20
16.491203200000001,,0x04,0x04
16.494176599999999,,0x80,0x00
16.497149799999999,,0x3A,0x8D
16.533557999999999,,0xB0,0x0B
16.535803399999999,,0x00,0x00
16.538776800000001,,0x20,0x02
16.541750400000002,,0x06,0x00
16.544723800000000,,0x01,0x07
16.547697200000002,,0x02,0x20
16.550670600000000,,0x04,0x04
16.553644200000001,,0x80,0x00
16.556617800000001,,0xB2,0x8D
16.592678400000000,,0xB0,0x0B
16.595272999999999,,0x00,0x00
16.598246600000000,,0x20,0x02
16.601220000000001,,0x8E,0x00
16.604193200000001,,0x01,0x07
16.607166599999999,,0x02,0x20
16.610140000000001,,0x04,0x04
16.613113400000000,,0x80,0x00
16.616086800000001,,0x3A,0x8D
16.652304200000000,,0xB0,0x0B
16.654742599999999,,0x00,0x00
16.657716000000001,,0x20,0x02
16.660689399999999,,0x06,0x00
16.663662800000001,,0x01,0x07
16.666636400000002,,0x02,0x20
16.669609999999999,,0x04,0x04
16.672583599999999,,0x80,0x00
16.675557200000000,,0xB2,0x8D
16.711914000000000,,0xB0,0x0B
16.714211800000001,,0x00,0x00
16.717185000000001,,0x20,0x02
16.720158399999999,,0x8E,0x00
16.723131800000001,,0x01,0x07
16.726105199999999,,0x02,0x20
16.729078600000001,,0x04,0x04
16.732051999999999,,0x80,0x00
16.735025400000001,,0x3A,0x8D
16.771041199999999,,0xB0,0x0B
16.773680200000001,,0x00,0x00
16.776653799999998,,0x20,0x02
16.779627200000000,,0x06,0x00
16.782600800000001,,0x01,0x07
16.785574000000000,,0x02,0x20
16.788547399999999,,0x04,0x04
16.791520999999999,,0x80,0x00
16.794494400000001,,0xB2,0x8D
16.830654800000001,,0xB0,0x0B
16.833149800000001,,0x00,0x00
16.836123199999999,,0x20,0x02
16.839096600000001,,0x8E,0x00
16.842070000000000,,0x01,0x07
16.845043400000002,,0x02,0x20
16.848016800000000,,0x04,0x04
16.850990199999998,,0x80,0x00
16.853963600000000,,0x3A,0x8D
16.890279600000000,,0xB0,0x0B
16.892618800000001,,0x00,0x00
16.895592199999999,,0x20,0x02
16.898565600000001,,0x06,0x00
16.901539000000000,,0x01,0x07
16.904512400000002,,0x02,0x20
16.907485800000000,,0x04,0x04
16.910459199999998,,0x80,0x00
16.913432600000000,,0xB2,0x8D
16.949902200000000,,0xB0,0x0B
16.952086800000000,,0x00,0x00
16.955060199999998,,0x20,0x02
16.958033600000000,,0x8E,0x00
16.961006999999999,,0x01,0x07
16.963980400000001,,0x02,0x20
16.966953799999999,,0x04,0x04
16.969927200000001,,0x80,0x00
16.972900800000001,,0x3A,0x8D
17.009005200000001,,0xB0,0x0B
17.011554600000000,,0x00,0x00
17.014527999999999,,0x20,0x02
17.017501400000000,,0x06,0x00
17.020474799999999,,0x01,0x07
17.023448200000001,,0x02,0x20
17.026421599999999,,0x04,0x04
17.029395000000001,,0x80,0x00
17.032368399999999,,0xB2,0x8D
17.068631600000000,,0xB0,0x0B
17.071023600000000,,0x00,0x00
17.073996999999999,,0x20,0x02
17.076970599999999,,0x8E,0x00
17.079944000000001,,0x01,0x07
17.082917399999999,,0x02,0x20
17.085891000000000,,0x04,0x04
17.088864600000001,,0x80,0x00
17.091837999999999,,0x3A,0x8D
17.128245799999998,,0xB0,0x0B
17.130494800000001,,0x00,0x00
17.133468400000002,,0x20,0x02
17.136441999999999,,0x06,0x00
17.139415799999998,,0x01,0x07
17.142389399999999,,0x02,0x20
17.145363000000000,,0x04,0x04
17.148336799999999,,0x80,0x00
17.151310400000000,,0xB2,0x8D
17.187370600000001,,0xB0,0x0B
17.189966800000001,,0x00,0x00
17.192940400000001,,0x20,0x02
17.195913999999998,,0x8E,0x00
17.198887599999999,,0x01,0x07
17.201861000000001,,0x02,0x20
17.204834600000002,,0x04,0x04
17.207808000000000,,0x80,0x00
17.210781399999998,,0x3A,0x8D
17.246999200000001,,0xB0,0x0B
17.249437600000000,,0x00,0x00
17.252410999999999,,0x20,0x02
17.255384599999999,,0x06,0x00
17.258358200000000,,0x01,0x07
17.261331800000001,,0x02,0x20
17.264305600000000,,0x04,0x04
17.267279400000000,,0x80,0x00
17.270253000000000,,0xB2,0x8D
17.306611199999999,,0xB0,0x0B
17.308909000000000,,0x00,0x00
17.311882600000001,,0x20,0x02
17.314856200000001,,0x8E,0x00
17.317829799999998,,0x01,0x07
17.320803200000000,,0x02,0x20
17.323776800000001,,0x04,0x04
17.326750199999999,,0x80,0x00
17.329723800000000,,0x3A,0x8D
17.366239199999999,,0xB0,0x0B
17.368379600000001,,0x00,0x00
17.371353200000001,,0x20,0x02
17.374326600000000,,0x06,0x00
17.377300200000001,,0x01,0x07
17.380273800000001,,0x02,0x20
17.383247600000001,,0x04,0x04
17.386221200000001,,0x80,0x00
17.389194799999999,,0xB2,0x8D
17.425345199999999,,0xB0,0x0B
17.427850800000002,,0x00,0x00
17.430824399999999,,0x20,0x02
17.433797999999999,,0x8E,0x00
17.436771600000000,,0x01,0x07
17.439745200000001,,0x02,0x20
17.442718800000002,,0x04,0x04
17.445692399999999,,0x80,0x00
17.448665800000001,,0x3A,0x8D
17.485108199999999,,0xB0,0x0B
17.487324399999999,,0x00,0x00
17.490297999999999,,0x20,0x02
17.493271600000000,,0x06,0x00
17.496245200000001,,0x01,0x07
17.499218800000001,,0x02,0x20
17.502192399999998,,0x05,0x04
17.505165800000000,,0x80,0x00
17.508139600000000,,0xB3,0x8D
17.544232200000000,,0xB0,0x0B
17.546796600000000,,0x00,0x00
17.549770400000000,,0x20,0x02
17.552744000000001,,0x8E,0x00
17.555717800000000,,0x01,0x07
17.558691400000001,,0x02,0x20
17.561665000000001,,0x05,0x04
17.564638800000001,,0x80,0x00
17.567612400000002,,0x3B,0x8D
17.603848599999999,,0xB0,0x0B
17.606270599999998,,0x00,0x00
17.609244400000001,,0x20,0x02
17.612217999999999,,0x06,0x00
17.615191599999999,,0x01,0x07
17.618165200000000,,0x02,0x20
17.621138800000001,,0x05,0x04
17.624112400000001,,0x80,0x00
17.627085999999998,,0xB3,0x8D
17.663478200000000,,0xB0,0x0B
17.665742200000000,,0x00,0x00
17.668715599999999,,0x20,0x02
17.671689000000001,,0x8E,0x00
17.674662600000001,,0x01,0x07
17.677636000000000,,0x02,0x20
17.680609799999999,,0x05,0x04
17.683583400000000,,0x80,0x00
17.686557000000001,,0x3B,0x8D
17.722583400000001,,0xB0,0x0B
17.725211999999999,,0x00,0x00
17.728185600000000,,0x20,0x02
17.731159200000000,,0x06,0x00
17.734132800000001,,0x01,0x07
17.737106199999999,,0x02,0x20
17.740079800000000,,0x05,0x04
17.743053199999999,,0x80,0x00
17.746027000000002,,0xB3,0x8D
17.782219800000000,,0xB0,0x0B
17.784683600000001,,0x00,0x00
17.787657200000002,,0x20,0x02
